review_id	project	class_name	method_name	parameters	method_signature	program_point	invariant	source_tool
INV-0001	dubbo	org.apache.dubbo.common.utils.LogHelper	error	org.apache.dubbo.common.logger.Logger, java.lang.String, java.lang.Throwable	org.apache.dubbo.common.utils.LogHelper.error(org.apache.dubbo.common.logger.Logger, java.lang.String, java.lang.Throwable)	EXIT	logger == null || msg != null || e != null	OCA
INV-0002	dubbo	org.apache.dubbo.common.utils.LogHelper	error	org.apache.dubbo.common.logger.Logger, java.lang.String, java.lang.Throwable	org.apache.dubbo.common.utils.LogHelper.error(org.apache.dubbo.common.logger.Logger, java.lang.String, java.lang.Throwable)	EXIT	logger == null || logger.isErrorEnabled()	OCA
INV-0003	dubbo	org.apache.dubbo.common.utils.LogHelper	error	org.apache.dubbo.common.logger.Logger, java.lang.String, java.lang.Throwable	org.apache.dubbo.common.utils.LogHelper.error(org.apache.dubbo.common.logger.Logger, java.lang.String, java.lang.Throwable)	ENTRY	"logger.getClass().getName().equals(""org.apache.dubbo.common.logger.Logger$MockitoMock$jZMOTlpe"")"	DAIKON
INV-0004	dubbo	org.apache.dubbo.common.utils.LogHelper	error	org.apache.dubbo.common.logger.Logger, java.lang.String, java.lang.Throwable	org.apache.dubbo.common.utils.LogHelper.error(org.apache.dubbo.common.logger.Logger, java.lang.String, java.lang.Throwable)	ENTRY	"""error"".equals(msg)"	DAIKON
INV-0005	dubbo	org.apache.dubbo.common.utils.LogHelper	error	org.apache.dubbo.common.logger.Logger, java.lang.String, java.lang.Throwable	org.apache.dubbo.common.utils.LogHelper.error(org.apache.dubbo.common.logger.Logger, java.lang.String, java.lang.Throwable)	EXIT	logger == null || (msg != null || e != null)	OCA
INV-0006	dubbo	org.apache.dubbo.common.utils.LogHelper	error	org.apache.dubbo.common.logger.Logger, java.lang.String, java.lang.Throwable	org.apache.dubbo.common.utils.LogHelper.error(org.apache.dubbo.common.logger.Logger, java.lang.String, java.lang.Throwable)	EXIT	"""error"".equals(msg)"	DAIKON
INV-0007	dubbo	org.apache.dubbo.common.utils.Stack	peek		org.apache.dubbo.common.utils.Stack.peek()	ENTRY	this.mElements.stream().allMatch(e -> e.getClass() == java.lang.String.class)	DAIKON
INV-0008	dubbo	org.apache.dubbo.common.utils.Stack	peek		org.apache.dubbo.common.utils.Stack.peek()	EXIT	result != null	OCA
INV-0009	apollo	com.ctrip.framework.apollo.biz.registry.configuration.support.ApolloServiceRegistryClearApplicationRunner	run	org.springframework.boot.ApplicationArguments	com.ctrip.framework.apollo.biz.registry.configuration.support.ApolloServiceRegistryClearApplicationRunner.run(org.springframework.boot.ApplicationArguments)	EXIT	args != null	OCA
INV-0010	apollo	com.ctrip.framework.apollo.biz.registry.configuration.support.ApolloServiceRegistryClearApplicationRunner	run	org.springframework.boot.ApplicationArguments	com.ctrip.framework.apollo.biz.registry.configuration.support.ApolloServiceRegistryClearApplicationRunner.run(org.springframework.boot.ApplicationArguments)	ENTRY	args.getClass() == org.springframework.boot.DefaultApplicationArguments.class	DAIKON
INV-0011	apollo	com.ctrip.framework.apollo.biz.registry.configuration.ApolloServiceDiscoveryAutoConfiguration	wrapMemoryCache	com.ctrip.framework.apollo.biz.registry.DatabaseDiscoveryClient	com.ctrip.framework.apollo.biz.registry.configuration.ApolloServiceDiscoveryAutoConfiguration.wrapMemoryCache(com.ctrip.framework.apollo.biz.registry.DatabaseDiscoveryClient)	ENTRY	discoveryClient != null	OCA
INV-0012	apollo	com.ctrip.framework.apollo.biz.registry.configuration.ApolloServiceDiscoveryAutoConfiguration	wrapMemoryCache	com.ctrip.framework.apollo.biz.registry.DatabaseDiscoveryClient	com.ctrip.framework.apollo.biz.registry.configuration.ApolloServiceDiscoveryAutoConfiguration.wrapMemoryCache(com.ctrip.framework.apollo.biz.registry.DatabaseDiscoveryClient)	EXIT	result.getClass() == com.ctrip.framework.apollo.biz.registry.DatabaseDiscoveryClientMemoryCacheDecoratorImpl.class	DAIKON
INV-0013	apollo	com.ctrip.framework.apollo.biz.registry.configuration.ApolloServiceDiscoveryAutoConfiguration	wrapMemoryCache	com.ctrip.framework.apollo.biz.registry.DatabaseDiscoveryClient	com.ctrip.framework.apollo.biz.registry.configuration.ApolloServiceDiscoveryAutoConfiguration.wrapMemoryCache(com.ctrip.framework.apollo.biz.registry.DatabaseDiscoveryClient)	ENTRY	discoveryClient.getClass() == com.ctrip.framework.apollo.biz.registry.DatabaseDiscoveryClientAlwaysAddSelfInstanceDecoratorImpl.class	DAIKON
INV-0014	apollo	com.ctrip.framework.apollo.biz.registry.configuration.ApolloServiceDiscoveryAutoConfiguration	wrapMemoryCache	com.ctrip.framework.apollo.biz.registry.DatabaseDiscoveryClient	com.ctrip.framework.apollo.biz.registry.configuration.ApolloServiceDiscoveryAutoConfiguration.wrapMemoryCache(com.ctrip.framework.apollo.biz.registry.DatabaseDiscoveryClient)	EXIT	result != discoveryClient	OCA
INV-0015	dubbo	org.apache.dubbo.common.utils.MethodUtils	excludedDeclaredClass	java.lang.Class	org.apache.dubbo.common.utils.MethodUtils.excludedDeclaredClass(java.lang.Class)	ENTRY	declaredClass.getName() != null	OCA
INV-0016	dubbo	org.apache.dubbo.common.utils.MethodUtils	excludedDeclaredClass	java.lang.Class	org.apache.dubbo.common.utils.MethodUtils.excludedDeclaredClass(java.lang.Class)	EXIT	"result.getClass().getName().equals(""org.apache.dubbo.common.utils.MethodUtils$$Lambda$1023/0x00001548a54c6bf0"")"	DAIKON
INV-0017	libgdx	com.badlogic.gdx.math.Polygon	setVertices	float[]	com.badlogic.gdx.math.Polygon.setVertices(float[])	ENTRY	this.worldVertices == null	DAIKON
INV-0018	libgdx	com.badlogic.gdx.math.Polygon	setVertices	float[]	com.badlogic.gdx.math.Polygon.setVertices(float[])	EXIT	vertices != null	OCA
INV-0019	libgdx	com.badlogic.gdx.math.Polygon	setVertices	float[]	com.badlogic.gdx.math.Polygon.setVertices(float[])	EXIT	vertices.length == 8 && vertices[0] == 1.0f && vertices[1] == -2.0f && vertices[2] == 1.0f && vertices[3] == -1.5f && vertices[4] == 1.5f && vertices[5] == -1.5f && vertices[6] == 1.5f && vertices[7] == -2.0f	DAIKON
INV-0020	libgdx	com.badlogic.gdx.math.Polygon	setVertices	float[]	com.badlogic.gdx.math.Polygon.setVertices(float[])	ENTRY	(vertices.length % 2) == 0	OCA
INV-0021	libgdx	com.badlogic.gdx.math.Polygon	setVertices	float[]	com.badlogic.gdx.math.Polygon.setVertices(float[])	ENTRY	vertices != null	OCA
INV-0022	libgdx	com.badlogic.gdx.math.Polygon	setVertices	float[]	com.badlogic.gdx.math.Polygon.setVertices(float[])	EXIT	vertices.length >= 6	OCA
INV-0023	libgdx	com.badlogic.gdx.math.Polygon	setVertices	float[]	com.badlogic.gdx.math.Polygon.setVertices(float[])	ENTRY	this.x == this.originX	DAIKON
INV-0024	libgdx	com.badlogic.gdx.math.Polygon	setVertices	float[]	com.badlogic.gdx.math.Polygon.setVertices(float[])	ENTRY	this.x == 0.0f	DAIKON
INV-0025	libgdx	com.badlogic.gdx.math.Polygon	setVertices	float[]	com.badlogic.gdx.math.Polygon.setVertices(float[])	EXIT	java.util.Arrays.equals(this.localVertices, vertices)	DAIKON
INV-0026	libgdx	com.badlogic.gdx.math.Polygon	setVertices	float[]	com.badlogic.gdx.math.Polygon.setVertices(float[])	ENTRY	vertices.length >= 6	OCA
INV-0027	libgdx	com.badlogic.gdx.math.Polygon	setVertices	float[]	com.badlogic.gdx.math.Polygon.setVertices(float[])	EXIT	vertices.length % 2 == 0	OCA
INV-0028	libgdx	com.badlogic.gdx.math.Polygon	setVertices	float[]	com.badlogic.gdx.math.Polygon.setVertices(float[])	ENTRY	this.localVertices.length == 0	DAIKON
INV-0029	spring	org.springframework.core.convert.support.ObjectToCollectionConverter	matches	org.springframework.core.convert.TypeDescriptor, org.springframework.core.convert.TypeDescriptor	org.springframework.core.convert.support.ObjectToCollectionConverter.matches(org.springframework.core.convert.TypeDescriptor, org.springframework.core.convert.TypeDescriptor)	ENTRY	sourceType != null	OCA
INV-0030	spring	org.springframework.core.convert.support.ObjectToCollectionConverter	matches	org.springframework.core.convert.TypeDescriptor, org.springframework.core.convert.TypeDescriptor	org.springframework.core.convert.support.ObjectToCollectionConverter.matches(org.springframework.core.convert.TypeDescriptor, org.springframework.core.convert.TypeDescriptor)	EXIT	result == true	DAIKON
INV-0031	hudi	org.apache.hudi.client.common.HoodieJavaEngineContext	getReaderContextFactory	org.apache.hudi.common.table.HoodieTableMetaClient	org.apache.hudi.client.common.HoodieJavaEngineContext.getReaderContextFactory(org.apache.hudi.common.table.HoodieTableMetaClient)	EXIT	!this.taskContextSupplier.getClass().getName().equals(result.getClass().getName())	DAIKON
INV-0032	hudi	org.apache.hudi.client.common.HoodieJavaEngineContext	getReaderContextFactory	org.apache.hudi.common.table.HoodieTableMetaClient	org.apache.hudi.client.common.HoodieJavaEngineContext.getReaderContextFactory(org.apache.hudi.common.table.HoodieTableMetaClient)	ENTRY	metaClient.getBasePath() != null	OCA
INV-0033	hudi	org.apache.hudi.client.common.HoodieJavaEngineContext	getReaderContextFactory	org.apache.hudi.common.table.HoodieTableMetaClient	org.apache.hudi.client.common.HoodieJavaEngineContext.getReaderContextFactory(org.apache.hudi.common.table.HoodieTableMetaClient)	ENTRY	metaClient != null	OCA
INV-0034	hudi	org.apache.hudi.client.common.HoodieJavaEngineContext	getReaderContextFactory	org.apache.hudi.common.table.HoodieTableMetaClient	org.apache.hudi.client.common.HoodieJavaEngineContext.getReaderContextFactory(org.apache.hudi.common.table.HoodieTableMetaClient)	EXIT	!this.storageConf.getClass().getName().equals(result.getClass().getName())	DAIKON
INV-0035	hudi	org.apache.hudi.client.common.HoodieJavaEngineContext	getReaderContextFactory	org.apache.hudi.common.table.HoodieTableMetaClient	org.apache.hudi.client.common.HoodieJavaEngineContext.getReaderContextFactory(org.apache.hudi.common.table.HoodieTableMetaClient)	ENTRY	metaClient.getTableType() != null	OCA
INV-0036	hudi	org.apache.hudi.client.common.HoodieJavaEngineContext	getReaderContextFactory	org.apache.hudi.common.table.HoodieTableMetaClient	org.apache.hudi.client.common.HoodieJavaEngineContext.getReaderContextFactory(org.apache.hudi.common.table.HoodieTableMetaClient)	EXIT	result.getClass() == org.apache.hudi.common.engine.AvroReaderContextFactory.class	DAIKON
INV-0037	libgdx	com.badlogic.gdx.utils.LongArray	incr	int, long	com.badlogic.gdx.utils.LongArray.incr(int, long)	ENTRY	index >= 0	OCA
INV-0038	libgdx	com.badlogic.gdx.utils.LongArray	incr	int, long	com.badlogic.gdx.utils.LongArray.incr(int, long)	ENTRY	value == 45L	DAIKON
INV-0039	netty	io.netty.util.concurrent.FastThreadLocalThread	setThreadLocalMap	io.netty.util.internal.InternalThreadLocalMap	io.netty.util.concurrent.FastThreadLocalThread.setThreadLocalMap(io.netty.util.internal.InternalThreadLocalMap)	ENTRY	threadLocalMap != null || threadLocalMap == null	OCA
INV-0040	netty	io.netty.util.concurrent.FastThreadLocalThread	setThreadLocalMap	io.netty.util.internal.InternalThreadLocalMap	io.netty.util.concurrent.FastThreadLocalThread.setThreadLocalMap(io.netty.util.internal.InternalThreadLocalMap)	EXIT	threadLocalMap.futureListenerStackDepth == threadLocalMap.rp2	DAIKON
INV-0041	dubbo	org.apache.dubbo.common.utils.ReflectUtils	getName	java.lang.reflect.Method	org.apache.dubbo.common.utils.ReflectUtils.getName(java.lang.reflect.Method)	EXIT	"""java.util.List hello(int[])"".equals(result)"	DAIKON
INV-0042	dubbo	org.apache.dubbo.common.utils.ReflectUtils	getName	java.lang.reflect.Method	org.apache.dubbo.common.utils.ReflectUtils.getName(java.lang.reflect.Method)	ENTRY	m != null	OCA
INV-0043	spring	org.springframework.core.convert.support.IdToEntityConverter	getEntityName	java.lang.Class	org.springframework.core.convert.support.IdToEntityConverter.getEntityName(java.lang.Class)	EXIT	this.conversionService.getClass() == org.springframework.core.convert.support.DefaultConversionService.class	DAIKON
INV-0044	spring	org.springframework.core.convert.support.IdToEntityConverter	getEntityName	java.lang.Class	org.springframework.core.convert.support.IdToEntityConverter.getEntityName(java.lang.Class)	ENTRY	entityClass != null	OCA
INV-0045	spring	org.springframework.core.convert.support.IdToEntityConverter	getEntityName	java.lang.Class	org.springframework.core.convert.support.IdToEntityConverter.getEntityName(java.lang.Class)	EXIT	result != null	DAIKON
INV-0046	spring	org.springframework.core.convert.support.IdToEntityConverter	getEntityName	java.lang.Class	org.springframework.core.convert.support.IdToEntityConverter.getEntityName(java.lang.Class)	EXIT	result.indexOf('.') == -1	OCA
INV-0047	spring	org.springframework.core.convert.support.IdToEntityConverter	getEntityName	java.lang.Class	org.springframework.core.convert.support.IdToEntityConverter.getEntityName(java.lang.Class)	EXIT	result != null	OCA
INV-0048	spring	org.springframework.core.convert.support.IdToEntityConverter	getEntityName	java.lang.Class	org.springframework.core.convert.support.IdToEntityConverter.getEntityName(java.lang.Class)	ENTRY	entityClass != null	DAIKON
INV-0049	spring	org.springframework.core.convert.support.EnumToStringConverter	convert	java.lang.Enum	org.springframework.core.convert.support.EnumToStringConverter.convert(java.lang.Enum)	EXIT	result.length() > 0	OCA
INV-0050	spring	org.springframework.core.convert.support.EnumToStringConverter	convert	java.lang.Enum	org.springframework.core.convert.support.EnumToStringConverter.convert(java.lang.Enum)	EXIT	"""A"".equals(result) || ""BAR"".equals(result) || ""FIRST"".equals(result)"	DAIKON
INV-0051	libgdx	com.badlogic.gdx.utils.CharArray	add	char, char	com.badlogic.gdx.utils.CharArray.add(char, char)	ENTRY	Character.isDefined(value2)	OCA
INV-0052	libgdx	com.badlogic.gdx.utils.CharArray	add	char, char	com.badlogic.gdx.utils.CharArray.add(char, char)	ENTRY	java.util.stream.IntStream.range(0, this.items.length).allMatch(i -> this.items[i] == 0 || this.items[i] == 97)	DAIKON
INV-0053	libgdx	com.badlogic.gdx.utils.CharArray	add	char, char	com.badlogic.gdx.utils.CharArray.add(char, char)	ENTRY	java.util.Arrays.equals(this.items, new char[] {97, 0, 0, 0, 0, 0, 0, 0, 0, 0, 0, 0, 0, 0, 0, 0})	DAIKON
INV-0054	libgdx	com.badlogic.gdx.utils.CharArray	add	char, char	com.badlogic.gdx.utils.CharArray.add(char, char)	EXIT	this.size == 3	DAIKON
INV-0055	libgdx	com.badlogic.gdx.utils.CharArray	add	char, char	com.badlogic.gdx.utils.CharArray.add(char, char)	EXIT	value1 != value2	OCA
INV-0056	libgdx	com.badlogic.gdx.utils.CharArray	add	char, char	com.badlogic.gdx.utils.CharArray.add(char, char)	EXIT	this.ordered == true	DAIKON
INV-0057	libgdx	com.badlogic.gdx.utils.CharArray	add	char, char	com.badlogic.gdx.utils.CharArray.add(char, char)	ENTRY	Character.isDefined(value1)	OCA
INV-0058	libgdx	com.badlogic.gdx.utils.CharArray	add	char, char	com.badlogic.gdx.utils.CharArray.add(char, char)	ENTRY	value1 == 98	DAIKON
INV-0059	libgdx	com.badlogic.gdx.utils.CharArray	add	char, char	com.badlogic.gdx.utils.CharArray.add(char, char)	EXIT	!(value1 < 0)	OCA
INV-0060	libgdx	com.badlogic.gdx.utils.CharArray	add	char, char	com.badlogic.gdx.utils.CharArray.add(char, char)	EXIT	Character.isValidCodePoint(value2)	OCA
INV-0061	libgdx	com.badlogic.gdx.utils.CharArray	add	char, char	com.badlogic.gdx.utils.CharArray.add(char, char)	ENTRY	value2 == 99	DAIKON
INV-0062	libgdx	com.badlogic.gdx.utils.CharArray	add	char, char	com.badlogic.gdx.utils.CharArray.add(char, char)	EXIT	Character.isValidCodePoint(value1)	OCA
INV-0063	libgdx	com.badlogic.gdx.utils.CharArray	add	char, char	com.badlogic.gdx.utils.CharArray.add(char, char)	EXIT	java.util.Arrays.equals(this.items, new char[] {97, 98, 99, 0, 0, 0, 0, 0, 0, 0, 0, 0, 0, 0, 0, 0})	DAIKON
INV-0064	libgdx	com.badlogic.gdx.utils.CharArray	add	char, char	com.badlogic.gdx.utils.CharArray.add(char, char)	ENTRY	value1 != value2	OCA
INV-0065	hudi	org.apache.hudi.execution.JavaLazyInsertIterable	computeNext		org.apache.hudi.execution.JavaLazyInsertIterable.computeNext()	EXIT	result.stream().allMatch(element -> element != null)	DAIKON
INV-0066	hudi	org.apache.hudi.execution.JavaLazyInsertIterable	computeNext		org.apache.hudi.execution.JavaLazyInsertIterable.computeNext()	EXIT	!this.inputItr.getClass().getName().equals(result.getClass().getName())	DAIKON
INV-0067	hudi	org.apache.hudi.execution.JavaLazyInsertIterable	computeNext		org.apache.hudi.execution.JavaLazyInsertIterable.computeNext()	EXIT	!result.isEmpty()	OCA
INV-0068	hudi	org.apache.hudi.execution.JavaLazyInsertIterable	computeNext		org.apache.hudi.execution.JavaLazyInsertIterable.computeNext()	EXIT	result.size() > 0	OCA
INV-0069	hudi	org.apache.hudi.execution.JavaLazyInsertIterable	computeNext		org.apache.hudi.execution.JavaLazyInsertIterable.computeNext()	EXIT	result != null	OCA
INV-0070	hudi	org.apache.hudi.execution.JavaLazyInsertIterable	computeNext		org.apache.hudi.execution.JavaLazyInsertIterable.computeNext()	EXIT	!this.taskContextSupplier.getClass().getName().equals(result.getClass().getName())	DAIKON
INV-0071	spring	org.springframework.core.convert.support.ObjectToCollectionConverter	getConvertibleTypes		org.springframework.core.convert.support.ObjectToCollectionConverter.getConvertibleTypes()	EXIT	result != null	DAIKON
INV-0072	spring	org.springframework.core.convert.support.ObjectToCollectionConverter	getConvertibleTypes		org.springframework.core.convert.support.ObjectToCollectionConverter.getConvertibleTypes()	EXIT	"""java.util.Collections$SingletonSet"".equals(result.getClass().getName())"	DAIKON
INV-0073	spring	org.springframework.core.convert.support.ObjectToCollectionConverter	getConvertibleTypes		org.springframework.core.convert.support.ObjectToCollectionConverter.getConvertibleTypes()	EXIT	result != null	OCA
INV-0074	spring	org.springframework.core.convert.support.ObjectToCollectionConverter	getConvertibleTypes		org.springframework.core.convert.support.ObjectToCollectionConverter.getConvertibleTypes()	EXIT	!result.isEmpty()	OCA
INV-0075	spring	org.springframework.core.convert.support.ObjectToCollectionConverter	getConvertibleTypes		org.springframework.core.convert.support.ObjectToCollectionConverter.getConvertibleTypes()	EXIT	!this.conversionService.getClass().getName().equals(result.getClass().getName())	DAIKON
INV-0076	spring	org.springframework.core.convert.support.ObjectToCollectionConverter	getConvertibleTypes		org.springframework.core.convert.support.ObjectToCollectionConverter.getConvertibleTypes()	EXIT	result.size() == 1	OCA
INV-0077	hudi	org.apache.hudi.table.action.commit.JavaUpsertPartitioner	getSmallFilesForPartitions	java.util.List, org.apache.hudi.common.engine.HoodieEngineContext	org.apache.hudi.table.action.commit.JavaUpsertPartitioner.getSmallFilesForPartitions(java.util.List, org.apache.hudi.common.engine.HoodieEngineContext)	EXIT	this.smallFiles.isEmpty()	DAIKON
INV-0078	hudi	org.apache.hudi.table.action.commit.JavaUpsertPartitioner	getSmallFilesForPartitions	java.util.List, org.apache.hudi.common.engine.HoodieEngineContext	org.apache.hudi.table.action.commit.JavaUpsertPartitioner.getSmallFilesForPartitions(java.util.List, org.apache.hudi.common.engine.HoodieEngineContext)	EXIT	(partitionPaths == null || partitionPaths.isEmpty()) == result.isEmpty()	OCA
INV-0079	hudi	org.apache.hudi.table.action.commit.JavaUpsertPartitioner	getSmallFilesForPartitions	java.util.List, org.apache.hudi.common.engine.HoodieEngineContext	org.apache.hudi.table.action.commit.JavaUpsertPartitioner.getSmallFilesForPartitions(java.util.List, org.apache.hudi.common.engine.HoodieEngineContext)	ENTRY	partitionPaths != null	DAIKON
INV-0080	hudi	org.apache.hudi.table.action.commit.JavaUpsertPartitioner	getSmallFilesForPartitions	java.util.List, org.apache.hudi.common.engine.HoodieEngineContext	org.apache.hudi.table.action.commit.JavaUpsertPartitioner.getSmallFilesForPartitions(java.util.List, org.apache.hudi.common.engine.HoodieEngineContext)	EXIT	result != null	OCA
INV-0081	hudi	org.apache.hudi.table.action.commit.JavaUpsertPartitioner	getSmallFilesForPartitions	java.util.List, org.apache.hudi.common.engine.HoodieEngineContext	org.apache.hudi.table.action.commit.JavaUpsertPartitioner.getSmallFilesForPartitions(java.util.List, org.apache.hudi.common.engine.HoodieEngineContext)	ENTRY	partitionPaths == null || !partitionPaths.contains(null)	OCA
INV-0082	hudi	org.apache.hudi.table.action.commit.JavaUpsertPartitioner	getSmallFilesForPartitions	java.util.List, org.apache.hudi.common.engine.HoodieEngineContext	org.apache.hudi.table.action.commit.JavaUpsertPartitioner.getSmallFilesForPartitions(java.util.List, org.apache.hudi.common.engine.HoodieEngineContext)	ENTRY	partitionPaths == null || partitionPaths.size() >= 0	OCA
INV-0083	hudi	org.apache.hudi.table.action.commit.JavaUpsertPartitioner	getSmallFilesForPartitions	java.util.List, org.apache.hudi.common.engine.HoodieEngineContext	org.apache.hudi.table.action.commit.JavaUpsertPartitioner.getSmallFilesForPartitions(java.util.List, org.apache.hudi.common.engine.HoodieEngineContext)	ENTRY	context != null	DAIKON
INV-0084	hudi	org.apache.hudi.table.action.commit.JavaUpsertPartitioner	getSmallFilesForPartitions	java.util.List, org.apache.hudi.common.engine.HoodieEngineContext	org.apache.hudi.table.action.commit.JavaUpsertPartitioner.getSmallFilesForPartitions(java.util.List, org.apache.hudi.common.engine.HoodieEngineContext)	ENTRY	this.smallFiles.isEmpty()	DAIKON
INV-0085	hudi	org.apache.hudi.table.action.commit.JavaUpsertPartitioner	getSmallFilesForPartitions	java.util.List, org.apache.hudi.common.engine.HoodieEngineContext	org.apache.hudi.table.action.commit.JavaUpsertPartitioner.getSmallFilesForPartitions(java.util.List, org.apache.hudi.common.engine.HoodieEngineContext)	ENTRY	context != null	OCA
INV-0086	hudi	org.apache.hudi.table.action.commit.JavaUpsertPartitioner	getSmallFilesForPartitions	java.util.List, org.apache.hudi.common.engine.HoodieEngineContext	org.apache.hudi.table.action.commit.JavaUpsertPartitioner.getSmallFilesForPartitions(java.util.List, org.apache.hudi.common.engine.HoodieEngineContext)	EXIT	this.smallFiles.size() <= partitionPaths.size() - 1	DAIKON
INV-0087	apollo	com.ctrip.framework.apollo.biz.service.ItemSetService	updateSet	java.lang.String, java.lang.String, java.lang.String, com.ctrip.framework.apollo.common.dto.ItemChangeSets	com.ctrip.framework.apollo.biz.service.ItemSetService.updateSet(java.lang.String, java.lang.String, java.lang.String, com.ctrip.framework.apollo.common.dto.ItemChangeSets)	ENTRY	this.bizConfig.propertySources == null	DAIKON
INV-0088	apollo	com.ctrip.framework.apollo.biz.service.ItemSetService	updateSet	java.lang.String, java.lang.String, java.lang.String, com.ctrip.framework.apollo.common.dto.ItemChangeSets	com.ctrip.framework.apollo.biz.service.ItemSetService.updateSet(java.lang.String, java.lang.String, java.lang.String, com.ctrip.framework.apollo.common.dto.ItemChangeSets)	ENTRY	namespaceName != null	OCA
INV-0089	apollo	com.ctrip.framework.apollo.biz.service.ItemSetService	updateSet	java.lang.String, java.lang.String, java.lang.String, com.ctrip.framework.apollo.common.dto.ItemChangeSets	com.ctrip.framework.apollo.biz.service.ItemSetService.updateSet(java.lang.String, java.lang.String, java.lang.String, com.ctrip.framework.apollo.common.dto.ItemChangeSets)	EXIT	changeSet.createItems.size() == result.createItems.size() && java.util.stream.IntStream.range(0, changeSet.createItems.size()).allMatch(i -> changeSet.createItems.get(i) == result.createItems.get(i))	DAIKON
INV-0090	apollo	com.ctrip.framework.apollo.biz.service.ItemSetService	updateSet	java.lang.String, java.lang.String, java.lang.String, com.ctrip.framework.apollo.common.dto.ItemChangeSets	com.ctrip.framework.apollo.biz.service.ItemSetService.updateSet(java.lang.String, java.lang.String, java.lang.String, com.ctrip.framework.apollo.common.dto.ItemChangeSets)	EXIT	changeSet.updateItems.size() == changeSet.deleteItems.size()	DAIKON
INV-0091	apollo	com.ctrip.framework.apollo.biz.service.ItemSetService	updateSet	java.lang.String, java.lang.String, java.lang.String, com.ctrip.framework.apollo.common.dto.ItemChangeSets	com.ctrip.framework.apollo.biz.service.ItemSetService.updateSet(java.lang.String, java.lang.String, java.lang.String, com.ctrip.framework.apollo.common.dto.ItemChangeSets)	ENTRY	changeSet != null && changeSet.getCreateItems() != null && changeSet.getDeleteItems() != null && changeSet.getUpdateItems() != null	OCA
INV-0092	apollo	com.ctrip.framework.apollo.biz.service.ItemSetService	updateSet	java.lang.String, java.lang.String, java.lang.String, com.ctrip.framework.apollo.common.dto.ItemChangeSets	com.ctrip.framework.apollo.biz.service.ItemSetService.updateSet(java.lang.String, java.lang.String, java.lang.String, com.ctrip.framework.apollo.common.dto.ItemChangeSets)	EXIT	changeSet != null && result == changeSet	OCA
INV-0093	apollo	com.ctrip.framework.apollo.biz.service.ItemSetService	updateSet	java.lang.String, java.lang.String, java.lang.String, com.ctrip.framework.apollo.common.dto.ItemChangeSets	com.ctrip.framework.apollo.biz.service.ItemSetService.updateSet(java.lang.String, java.lang.String, java.lang.String, com.ctrip.framework.apollo.common.dto.ItemChangeSets)	ENTRY	appId != null	OCA
INV-0094	apollo	com.ctrip.framework.apollo.biz.service.ItemSetService	updateSet	java.lang.String, java.lang.String, java.lang.String, com.ctrip.framework.apollo.common.dto.ItemChangeSets	com.ctrip.framework.apollo.biz.service.ItemSetService.updateSet(java.lang.String, java.lang.String, java.lang.String, com.ctrip.framework.apollo.common.dto.ItemChangeSets)	ENTRY	clusterName != null	OCA
INV-0095	apollo	com.ctrip.framework.apollo.biz.service.ItemSetService	updateSet	java.lang.String, java.lang.String, java.lang.String, com.ctrip.framework.apollo.common.dto.ItemChangeSets	com.ctrip.framework.apollo.biz.service.ItemSetService.updateSet(java.lang.String, java.lang.String, java.lang.String, com.ctrip.framework.apollo.common.dto.ItemChangeSets)	EXIT	this.bizConfig.splitter == null	DAIKON
INV-0096	apollo	com.ctrip.framework.apollo.biz.service.ItemSetService	updateSet	java.lang.String, java.lang.String, java.lang.String, com.ctrip.framework.apollo.common.dto.ItemChangeSets	com.ctrip.framework.apollo.biz.service.ItemSetService.updateSet(java.lang.String, java.lang.String, java.lang.String, com.ctrip.framework.apollo.common.dto.ItemChangeSets)	EXIT	java.util.Objects.equals(changeSet.dataChangeCreatedBy, result.dataChangeLastModifiedByDisplayName)	DAIKON
INV-0097	hudi	org.apache.hudi.table.action.commit.BaseJavaCommitActionExecutor	handleUpsertPartition	java.lang.String, java.lang.Integer, java.util.Iterator, org.apache.hudi.table.action.commit.Partitioner	org.apache.hudi.table.action.commit.BaseJavaCommitActionExecutor.handleUpsertPartition(java.lang.String, java.lang.Integer, java.util.Iterator, org.apache.hudi.table.action.commit.Partitioner)	EXIT	result != null	OCA
INV-0098	hudi	org.apache.hudi.table.action.commit.BaseJavaCommitActionExecutor	handleUpsertPartition	java.lang.String, java.lang.Integer, java.util.Iterator, org.apache.hudi.table.action.commit.Partitioner	org.apache.hudi.table.action.commit.BaseJavaCommitActionExecutor.handleUpsertPartition(java.lang.String, java.lang.Integer, java.util.Iterator, org.apache.hudi.table.action.commit.Partitioner)	ENTRY	partitioner != null	DAIKON
INV-0099	hudi	org.apache.hudi.table.action.commit.BaseJavaCommitActionExecutor	handleUpsertPartition	java.lang.String, java.lang.Integer, java.util.Iterator, org.apache.hudi.table.action.commit.Partitioner	org.apache.hudi.table.action.commit.BaseJavaCommitActionExecutor.handleUpsertPartition(java.lang.String, java.lang.Integer, java.util.Iterator, org.apache.hudi.table.action.commit.Partitioner)	EXIT	!this.storageConf.getClass().getName().equals(result.getClass().getName())	DAIKON
INV-0100	hudi	org.apache.hudi.table.action.commit.BaseJavaCommitActionExecutor	handleUpsertPartition	java.lang.String, java.lang.Integer, java.util.Iterator, org.apache.hudi.table.action.commit.Partitioner	org.apache.hudi.table.action.commit.BaseJavaCommitActionExecutor.handleUpsertPartition(java.lang.String, java.lang.Integer, java.util.Iterator, org.apache.hudi.table.action.commit.Partitioner)	ENTRY	!this.taskContextSupplier.getClass().getName().equals(partitioner.getClass().getName())	DAIKON
INV-0101	hudi	org.apache.hudi.table.action.commit.BaseJavaCommitActionExecutor	handleUpsertPartition	java.lang.String, java.lang.Integer, java.util.Iterator, org.apache.hudi.table.action.commit.Partitioner	org.apache.hudi.table.action.commit.BaseJavaCommitActionExecutor.handleUpsertPartition(java.lang.String, java.lang.Integer, java.util.Iterator, org.apache.hudi.table.action.commit.Partitioner)	ENTRY	!this.pendingInflightAndRequestedInstants.getClass().getName().equals(recordItr.getClass().getName())	DAIKON
INV-0102	hudi	org.apache.hudi.table.action.commit.BaseJavaCommitActionExecutor	handleUpsertPartition	java.lang.String, java.lang.Integer, java.util.Iterator, org.apache.hudi.table.action.commit.Partitioner	org.apache.hudi.table.action.commit.BaseJavaCommitActionExecutor.handleUpsertPartition(java.lang.String, java.lang.Integer, java.util.Iterator, org.apache.hudi.table.action.commit.Partitioner)	ENTRY	partitioner != null	OCA
INV-0103	hudi	org.apache.hudi.table.action.commit.BaseJavaCommitActionExecutor	handleUpsertPartition	java.lang.String, java.lang.Integer, java.util.Iterator, org.apache.hudi.table.action.commit.Partitioner	org.apache.hudi.table.action.commit.BaseJavaCommitActionExecutor.handleUpsertPartition(java.lang.String, java.lang.Integer, java.util.Iterator, org.apache.hudi.table.action.commit.Partitioner)	EXIT	this.instantFileNameGenerator.getClass() == org.apache.hudi.common.table.timeline.versioning.v2.InstantFileNameGeneratorV2.class	DAIKON
INV-0104	hudi	org.apache.hudi.table.action.commit.BaseJavaCommitActionExecutor	handleUpsertPartition	java.lang.String, java.lang.Integer, java.util.Iterator, org.apache.hudi.table.action.commit.Partitioner	org.apache.hudi.table.action.commit.BaseJavaCommitActionExecutor.handleUpsertPartition(java.lang.String, java.lang.Integer, java.util.Iterator, org.apache.hudi.table.action.commit.Partitioner)	ENTRY	recordItr != null	OCA
INV-0105	hudi	org.apache.hudi.table.action.commit.BaseJavaCommitActionExecutor	handleUpsertPartition	java.lang.String, java.lang.Integer, java.util.Iterator, org.apache.hudi.table.action.commit.Partitioner	org.apache.hudi.table.action.commit.BaseJavaCommitActionExecutor.handleUpsertPartition(java.lang.String, java.lang.Integer, java.util.Iterator, org.apache.hudi.table.action.commit.Partitioner)	ENTRY	instantTime != null	OCA
INV-0106	hudi	org.apache.hudi.table.action.commit.BaseJavaCommitActionExecutor	handleUpsertPartition	java.lang.String, java.lang.Integer, java.util.Iterator, org.apache.hudi.table.action.commit.Partitioner	org.apache.hudi.table.action.commit.BaseJavaCommitActionExecutor.handleUpsertPartition(java.lang.String, java.lang.Integer, java.util.Iterator, org.apache.hudi.table.action.commit.Partitioner)	ENTRY	partition != null	OCA
INV-0107	dubbo	org.apache.dubbo.common.utils.FieldUtils	getFieldValue	java.lang.Object, java.lang.String	org.apache.dubbo.common.utils.FieldUtils.getFieldValue(java.lang.Object, java.lang.String)	EXIT	"""a"".equals(fieldName) || ""b"".equals(fieldName)"	DAIKON
INV-0108	dubbo	org.apache.dubbo.common.utils.FieldUtils	getFieldValue	java.lang.Object, java.lang.String	org.apache.dubbo.common.utils.FieldUtils.getFieldValue(java.lang.Object, java.lang.String)	EXIT	result.getClass() == java.lang.String.class	DAIKON
INV-0109	dubbo	org.apache.dubbo.common.utils.FieldUtils	getFieldValue	java.lang.Object, java.lang.String	org.apache.dubbo.common.utils.FieldUtils.getFieldValue(java.lang.Object, java.lang.String)	ENTRY	(object == null) || (!fieldName.isEmpty())	OCA
INV-0110	dubbo	org.apache.dubbo.common.utils.FieldUtils	getFieldValue	java.lang.Object, java.lang.String	org.apache.dubbo.common.utils.FieldUtils.getFieldValue(java.lang.Object, java.lang.String)	EXIT	object != null || result == null	OCA
INV-0111	dubbo	org.apache.dubbo.common.utils.FieldUtils	getFieldValue	java.lang.Object, java.lang.String	org.apache.dubbo.common.utils.FieldUtils.getFieldValue(java.lang.Object, java.lang.String)	ENTRY	"""a"".equals(fieldName) || ""b"".equals(fieldName)"	DAIKON
INV-0112	dubbo	org.apache.dubbo.common.utils.FieldUtils	getFieldValue	java.lang.Object, java.lang.String	org.apache.dubbo.common.utils.FieldUtils.getFieldValue(java.lang.Object, java.lang.String)	ENTRY	fieldName != null	OCA
INV-0113	spring	org.springframework.core.convert.support.StringToArrayConverter	matches	org.springframework.core.convert.TypeDescriptor, org.springframework.core.convert.TypeDescriptor	org.springframework.core.convert.support.StringToArrayConverter.matches(org.springframework.core.convert.TypeDescriptor, org.springframework.core.convert.TypeDescriptor)	EXIT	!result || targetType.getElementTypeDescriptor() != null	OCA
INV-0114	spring	org.springframework.core.convert.support.StringToArrayConverter	matches	org.springframework.core.convert.TypeDescriptor, org.springframework.core.convert.TypeDescriptor	org.springframework.core.convert.support.StringToArrayConverter.matches(org.springframework.core.convert.TypeDescriptor, org.springframework.core.convert.TypeDescriptor)	ENTRY	targetType.getElementTypeDescriptor() != null	OCA
INV-0115	spring	org.springframework.core.convert.support.StringToArrayConverter	matches	org.springframework.core.convert.TypeDescriptor, org.springframework.core.convert.TypeDescriptor	org.springframework.core.convert.support.StringToArrayConverter.matches(org.springframework.core.convert.TypeDescriptor, org.springframework.core.convert.TypeDescriptor)	EXIT	result || (this.conversionService.getClass() == org.springframework.core.convert.support.GenericConversionService.class)	DAIKON
INV-0116	spring	org.springframework.core.convert.support.StringToArrayConverter	matches	org.springframework.core.convert.TypeDescriptor, org.springframework.core.convert.TypeDescriptor	org.springframework.core.convert.support.StringToArrayConverter.matches(org.springframework.core.convert.TypeDescriptor, org.springframework.core.convert.TypeDescriptor)	ENTRY	targetType != null	OCA
INV-0117	spring	org.springframework.core.convert.support.StringToArrayConverter	matches	org.springframework.core.convert.TypeDescriptor, org.springframework.core.convert.TypeDescriptor	org.springframework.core.convert.support.StringToArrayConverter.matches(org.springframework.core.convert.TypeDescriptor, org.springframework.core.convert.TypeDescriptor)	EXIT	result == false	DAIKON
INV-0118	spring	org.springframework.core.convert.support.StringToArrayConverter	matches	org.springframework.core.convert.TypeDescriptor, org.springframework.core.convert.TypeDescriptor	org.springframework.core.convert.support.StringToArrayConverter.matches(org.springframework.core.convert.TypeDescriptor, org.springframework.core.convert.TypeDescriptor)	ENTRY	sourceType != null	OCA
INV-0119	spring	org.springframework.core.convert.support.StringToArrayConverter	matches	org.springframework.core.convert.TypeDescriptor, org.springframework.core.convert.TypeDescriptor	org.springframework.core.convert.support.StringToArrayConverter.matches(org.springframework.core.convert.TypeDescriptor, org.springframework.core.convert.TypeDescriptor)	EXIT	result == true	DAIKON
INV-0120	spring	org.springframework.core.convert.support.StringToArrayConverter	matches	org.springframework.core.convert.TypeDescriptor, org.springframework.core.convert.TypeDescriptor	org.springframework.core.convert.support.StringToArrayConverter.matches(org.springframework.core.convert.TypeDescriptor, org.springframework.core.convert.TypeDescriptor)	EXIT	this.conversionService.getClass() == org.springframework.core.convert.support.GenericConversionService.class	DAIKON
INV-0121	hudi	org.apache.hudi.table.action.commit.BaseJavaCommitActionExecutor	getPartitionToReplacedFileIds	org.apache.hudi.table.action.HoodieWriteMetadata	org.apache.hudi.table.action.commit.BaseJavaCommitActionExecutor.getPartitionToReplacedFileIds(org.apache.hudi.table.action.HoodieWriteMetadata)	EXIT	result.isEmpty()	OCA
INV-0122	hudi	org.apache.hudi.table.action.commit.BaseJavaCommitActionExecutor	getPartitionToReplacedFileIds	org.apache.hudi.table.action.HoodieWriteMetadata	org.apache.hudi.table.action.commit.BaseJavaCommitActionExecutor.getPartitionToReplacedFileIds(org.apache.hudi.table.action.HoodieWriteMetadata)	ENTRY	writeMetadata != null	OCA
INV-0123	hudi	org.apache.hudi.table.action.commit.BaseJavaCommitActionExecutor	getPartitionToReplacedFileIds	org.apache.hudi.table.action.HoodieWriteMetadata	org.apache.hudi.table.action.commit.BaseJavaCommitActionExecutor.getPartitionToReplacedFileIds(org.apache.hudi.table.action.HoodieWriteMetadata)	EXIT	!org.apache.hudi.table.action.commit.BaseJavaCommitActionExecutor.log.getClass().getName().equals(this.getClass().getName())	DAIKON
INV-0124	hudi	org.apache.hudi.table.action.commit.BaseJavaCommitActionExecutor	getPartitionToReplacedFileIds	org.apache.hudi.table.action.HoodieWriteMetadata	org.apache.hudi.table.action.commit.BaseJavaCommitActionExecutor.getPartitionToReplacedFileIds(org.apache.hudi.table.action.HoodieWriteMetadata)	EXIT	result != null	OCA
INV-0125	hudi	org.apache.hudi.table.action.commit.BaseJavaCommitActionExecutor	getPartitionToReplacedFileIds	org.apache.hudi.table.action.HoodieWriteMetadata	org.apache.hudi.table.action.commit.BaseJavaCommitActionExecutor.getPartitionToReplacedFileIds(org.apache.hudi.table.action.HoodieWriteMetadata)	EXIT	!this.context.getClass().getName().equals(this.getClass().getName())	DAIKON
INV-0126	hudi	org.apache.hudi.table.action.commit.BaseJavaCommitActionExecutor	getPartitionToReplacedFileIds	org.apache.hudi.table.action.HoodieWriteMetadata	org.apache.hudi.table.action.commit.BaseJavaCommitActionExecutor.getPartitionToReplacedFileIds(org.apache.hudi.table.action.HoodieWriteMetadata)	EXIT	!this.instantFileNameGenerator.getClass().getName().equals(this.getClass().getName())	DAIKON
INV-0127	hudi	org.apache.hudi.table.action.commit.BaseJavaCommitActionExecutor	getPartitionToReplacedFileIds	org.apache.hudi.table.action.HoodieWriteMetadata	org.apache.hudi.table.action.commit.BaseJavaCommitActionExecutor.getPartitionToReplacedFileIds(org.apache.hudi.table.action.HoodieWriteMetadata)	EXIT	!this.instantFileNameGenerator.getClass().getName().equals(result.getClass().getName())	DAIKON
INV-0128	hudi	org.apache.hudi.table.action.commit.BaseJavaCommitActionExecutor	getPartitionToReplacedFileIds	org.apache.hudi.table.action.HoodieWriteMetadata	org.apache.hudi.table.action.commit.BaseJavaCommitActionExecutor.getPartitionToReplacedFileIds(org.apache.hudi.table.action.HoodieWriteMetadata)	EXIT	result.keySet().isEmpty()	OCA
INV-0129	hudi	org.apache.hudi.table.action.commit.BaseJavaCommitActionExecutor	getPartitionToReplacedFileIds	org.apache.hudi.table.action.HoodieWriteMetadata	org.apache.hudi.table.action.commit.BaseJavaCommitActionExecutor.getPartitionToReplacedFileIds(org.apache.hudi.table.action.HoodieWriteMetadata)	ENTRY	writeMetadata.getWriteStatuses() != null	OCA
INV-0130	hudi	org.apache.hudi.table.action.commit.BaseJavaCommitActionExecutor	getPartitionToReplacedFileIds	org.apache.hudi.table.action.HoodieWriteMetadata	org.apache.hudi.table.action.commit.BaseJavaCommitActionExecutor.getPartitionToReplacedFileIds(org.apache.hudi.table.action.HoodieWriteMetadata)	EXIT	!this.instantGenerator.getClass().getName().equals(this.getClass().getName())	DAIKON
INV-0131	hudi	org.apache.hudi.table.action.commit.BaseJavaCommitActionExecutor	getPartitionToReplacedFileIds	org.apache.hudi.table.action.HoodieWriteMetadata	org.apache.hudi.table.action.commit.BaseJavaCommitActionExecutor.getPartitionToReplacedFileIds(org.apache.hudi.table.action.HoodieWriteMetadata)	EXIT	!result.containsKey(null)	OCA
INV-0132	hudi	org.apache.hudi.table.action.commit.BaseJavaCommitActionExecutor	getPartitionToReplacedFileIds	org.apache.hudi.table.action.HoodieWriteMetadata	org.apache.hudi.table.action.commit.BaseJavaCommitActionExecutor.getPartitionToReplacedFileIds(org.apache.hudi.table.action.HoodieWriteMetadata)	EXIT	!this.table.getClass().getName().equals(result.getClass().getName())	DAIKON
INV-0133	libgdx	com.badlogic.gdx.utils.CharArray	incr	int, char	com.badlogic.gdx.utils.CharArray.incr(int, char)	ENTRY	value <= Character.MAX_VALUE	OCA
INV-0134	libgdx	com.badlogic.gdx.utils.CharArray	incr	int, char	com.badlogic.gdx.utils.CharArray.incr(int, char)	ENTRY	index >= 0	OCA
INV-0135	libgdx	com.badlogic.gdx.utils.CharArray	incr	int, char	com.badlogic.gdx.utils.CharArray.incr(int, char)	ENTRY	value >= 0	OCA
INV-0136	libgdx	com.badlogic.gdx.utils.CharArray	incr	int, char	com.badlogic.gdx.utils.CharArray.incr(int, char)	EXIT	com.badlogic.gdx.utils.CharArray.FALSE_STRING_SIZE == this.size	DAIKON
INV-0137	libgdx	com.badlogic.gdx.utils.CharArray	incr	int, char	com.badlogic.gdx.utils.CharArray.incr(int, char)	ENTRY	value == 1	DAIKON
INV-0138	libgdx	com.badlogic.gdx.utils.CharArray	incr	int, char	com.badlogic.gdx.utils.CharArray.incr(int, char)	EXIT	this.ordered == true	DAIKON
INV-0139	libgdx	com.badlogic.gdx.utils.CharArray	substring	int, int	com.badlogic.gdx.utils.CharArray.substring(int, int)	ENTRY	start >= 0	OCA
INV-0140	libgdx	com.badlogic.gdx.utils.CharArray	substring	int, int	com.badlogic.gdx.utils.CharArray.substring(int, int)	ENTRY	end >= start	OCA
INV-0141	libgdx	com.badlogic.gdx.utils.CharArray	substring	int, int	com.badlogic.gdx.utils.CharArray.substring(int, int)	EXIT	this.size == 4 || this.size == 12	DAIKON
INV-0142	libgdx	com.badlogic.gdx.utils.CharArray	substring	int, int	com.badlogic.gdx.utils.CharArray.substring(int, int)	EXIT	result.length() == end - start	OCA
INV-0143	libgdx	com.badlogic.gdx.utils.CharArray	substring	int, int	com.badlogic.gdx.utils.CharArray.substring(int, int)	EXIT	this.ordered == true	DAIKON
INV-0144	libgdx	com.badlogic.gdx.utils.CharArray	substring	int, int	com.badlogic.gdx.utils.CharArray.substring(int, int)	ENTRY	java.util.Arrays.equals(this.items, new char[] {72, 101, 108, 108, 111, 32, 87, 111, 114, 108, 100, 33, 0, 0, 0, 0, 0, 0, 0, 0, 0, 0, 0, 0, 0, 0, 0, 0}) || java.util.Arrays.equals(this.items, new char[] {105, 72, 55357, 56832, 0, 0, 0, 0, 0, 0, 0, 0, 0, 0, 0, 0})	DAIKON
INV-0145	libgdx	com.badlogic.gdx.utils.CharArray	substring	int, int	com.badlogic.gdx.utils.CharArray.substring(int, int)	ENTRY	start == 0 || start == 6	DAIKON
INV-0146	libgdx	com.badlogic.gdx.utils.CharArray	substring	int, int	com.badlogic.gdx.utils.CharArray.substring(int, int)	EXIT	start >= 0 && end >= start && result != null	OCA
INV-0147	dubbo	org.apache.dubbo.common.utils.ArrayUtils	isEmpty	java.lang.Object[]	org.apache.dubbo.common.utils.ArrayUtils.isEmpty(java.lang.Object[])	ENTRY	array.length == 0	DAIKON
INV-0148	dubbo	org.apache.dubbo.common.utils.ArrayUtils	isEmpty	java.lang.Object[]	org.apache.dubbo.common.utils.ArrayUtils.isEmpty(java.lang.Object[])	EXIT	result == (array == null || array.length == 0)	OCA
INV-0149	dubbo	org.apache.dubbo.common.utils.ArrayUtils	isEmpty	java.lang.Object[]	org.apache.dubbo.common.utils.ArrayUtils.isEmpty(java.lang.Object[])	ENTRY	array == null || array.length == 0 || array.length > 0	OCA
INV-0150	dubbo	org.apache.dubbo.common.utils.ArrayUtils	isEmpty	java.lang.Object[]	org.apache.dubbo.common.utils.ArrayUtils.isEmpty(java.lang.Object[])	EXIT	!result || array == null || array.length == 0	OCA
INV-0151	dubbo	org.apache.dubbo.common.utils.ArrayUtils	isEmpty	java.lang.Object[]	org.apache.dubbo.common.utils.ArrayUtils.isEmpty(java.lang.Object[])	EXIT	array.length == 0	DAIKON
INV-0152	dubbo	org.apache.dubbo.common.utils.ArrayUtils	isEmpty	java.lang.Object[]	org.apache.dubbo.common.utils.ArrayUtils.isEmpty(java.lang.Object[])	EXIT	result == true	DAIKON
INV-0153	netty	io.netty.util.Signal	fillInStackTrace		io.netty.util.Signal.fillInStackTrace()	EXIT	this.constant == null	DAIKON
INV-0154	netty	io.netty.util.Signal	fillInStackTrace		io.netty.util.Signal.fillInStackTrace()	ENTRY	this.constant == null	DAIKON
INV-0155	netty	io.netty.util.Signal	fillInStackTrace		io.netty.util.Signal.fillInStackTrace()	EXIT	result.getCause() == null	OCA
INV-0156	netty	io.netty.util.Signal	fillInStackTrace		io.netty.util.Signal.fillInStackTrace()	EXIT	result.getStackTrace().length == 0	OCA
INV-0157	libgdx	com.badlogic.gdx.utils.JsonValue	getString	java.lang.String, java.lang.String	com.badlogic.gdx.utils.JsonValue.getString(java.lang.String, java.lang.String)	ENTRY	"""class"".equals(name)"	DAIKON
INV-0158	libgdx	com.badlogic.gdx.utils.JsonValue	getString	java.lang.String, java.lang.String	com.badlogic.gdx.utils.JsonValue.getString(java.lang.String, java.lang.String)	ENTRY	this.parent == this.prev	DAIKON
INV-0159	libgdx	com.badlogic.gdx.utils.JsonValue	getString	java.lang.String, java.lang.String	com.badlogic.gdx.utils.JsonValue.getString(java.lang.String, java.lang.String)	EXIT	"""class"".equals(name)"	DAIKON
INV-0160	libgdx	com.badlogic.gdx.utils.JsonValue	getString	java.lang.String, java.lang.String	com.badlogic.gdx.utils.JsonValue.getString(java.lang.String, java.lang.String)	ENTRY	name.trim().length() > 0	OCA
INV-0161	libgdx	com.badlogic.gdx.utils.JsonValue	getString	java.lang.String, java.lang.String	com.badlogic.gdx.utils.JsonValue.getString(java.lang.String, java.lang.String)	EXIT	defaultValue == null || result != null	OCA
INV-0162	libgdx	com.badlogic.gdx.utils.JsonValue	getString	java.lang.String, java.lang.String	com.badlogic.gdx.utils.JsonValue.getString(java.lang.String, java.lang.String)	ENTRY	this.longValue == 0	DAIKON
INV-0163	libgdx	com.badlogic.gdx.utils.JsonValue	getString	java.lang.String, java.lang.String	com.badlogic.gdx.utils.JsonValue.getString(java.lang.String, java.lang.String)	ENTRY	defaultValue == null || defaultValue.length() >= 0	OCA
INV-0164	libgdx	com.badlogic.gdx.utils.JsonValue	getString	java.lang.String, java.lang.String	com.badlogic.gdx.utils.JsonValue.getString(java.lang.String, java.lang.String)	ENTRY	name != null	OCA
INV-0165	libgdx	com.badlogic.gdx.utils.JsonValue	getString	java.lang.String, java.lang.String	com.badlogic.gdx.utils.JsonValue.getString(java.lang.String, java.lang.String)	ENTRY	this.parent == this.next	DAIKON
INV-0166	libgdx	com.badlogic.gdx.utils.JsonValue	getString	java.lang.String, java.lang.String	com.badlogic.gdx.utils.JsonValue.getString(java.lang.String, java.lang.String)	EXIT	this.doubleValue == 0.0	DAIKON
INV-0167	libgdx	com.badlogic.gdx.utils.JsonValue	getString	java.lang.String, java.lang.String	com.badlogic.gdx.utils.JsonValue.getString(java.lang.String, java.lang.String)	EXIT	result == defaultValue || (result != null && !result.isEmpty())	OCA
INV-0168	libgdx	com.badlogic.gdx.utils.JsonValue	getString	java.lang.String, java.lang.String	com.badlogic.gdx.utils.JsonValue.getString(java.lang.String, java.lang.String)	ENTRY	this.size == 2	DAIKON
INV-0169	libgdx	com.badlogic.gdx.utils.JsonValue	getString	java.lang.String, java.lang.String	com.badlogic.gdx.utils.JsonValue.getString(java.lang.String, java.lang.String)	EXIT	(result == defaultValue) || (result != null && !result.isEmpty())	OCA
INV-0170	libgdx	com.badlogic.gdx.utils.JsonValue	getString	java.lang.String, java.lang.String	com.badlogic.gdx.utils.JsonValue.getString(java.lang.String, java.lang.String)	EXIT	result == null	DAIKON
INV-0171	libgdx	com.badlogic.gdx.utils.JsonValue	getString	java.lang.String, java.lang.String	com.badlogic.gdx.utils.JsonValue.getString(java.lang.String, java.lang.String)	ENTRY	defaultValue == null || true	OCA
INV-0172	libgdx	com.badlogic.gdx.utils.JsonValue	getString	java.lang.String, java.lang.String	com.badlogic.gdx.utils.JsonValue.getString(java.lang.String, java.lang.String)	ENTRY	!name.isEmpty()	OCA
INV-0173	dubbo	org.apache.dubbo.common.compiler.support.ClassUtils	getSize	java.lang.Object	org.apache.dubbo.common.compiler.support.ClassUtils.getSize(java.lang.Object)	EXIT	result == 0 || result > 0 || result == -1	OCA
INV-0174	dubbo	org.apache.dubbo.common.compiler.support.ClassUtils	getSize	java.lang.Object	org.apache.dubbo.common.compiler.support.ClassUtils.getSize(java.lang.Object)	EXIT	result == 1	DAIKON
INV-0175	hudi	org.apache.hudi.table.HoodieJavaMergeOnReadTable	scheduleCompaction	org.apache.hudi.common.engine.HoodieEngineContext, java.lang.String, org.apache.hudi.common.util.Option	org.apache.hudi.table.HoodieJavaMergeOnReadTable.scheduleCompaction(org.apache.hudi.common.engine.HoodieEngineContext, java.lang.String, org.apache.hudi.common.util.Option)	ENTRY	this.index == null	DAIKON
INV-0176	hudi	org.apache.hudi.table.HoodieJavaMergeOnReadTable	scheduleCompaction	org.apache.hudi.common.engine.HoodieEngineContext, java.lang.String, org.apache.hudi.common.util.Option	org.apache.hudi.table.HoodieJavaMergeOnReadTable.scheduleCompaction(org.apache.hudi.common.engine.HoodieEngineContext, java.lang.String, org.apache.hudi.common.util.Option)	ENTRY	extraMetadata != null	DAIKON
INV-0177	hudi	org.apache.hudi.table.HoodieJavaMergeOnReadTable	scheduleCompaction	org.apache.hudi.common.engine.HoodieEngineContext, java.lang.String, org.apache.hudi.common.util.Option	org.apache.hudi.table.HoodieJavaMergeOnReadTable.scheduleCompaction(org.apache.hudi.common.engine.HoodieEngineContext, java.lang.String, org.apache.hudi.common.util.Option)	ENTRY	(!extraMetadata.isPresent() || extraMetadata.get() != null)	OCA
INV-0178	hudi	org.apache.hudi.table.HoodieJavaMergeOnReadTable	scheduleCompaction	org.apache.hudi.common.engine.HoodieEngineContext, java.lang.String, org.apache.hudi.common.util.Option	org.apache.hudi.table.HoodieJavaMergeOnReadTable.scheduleCompaction(org.apache.hudi.common.engine.HoodieEngineContext, java.lang.String, org.apache.hudi.common.util.Option)	ENTRY	context != null	OCA
INV-0179	hudi	org.apache.hudi.table.HoodieJavaMergeOnReadTable	scheduleCompaction	org.apache.hudi.common.engine.HoodieEngineContext, java.lang.String, org.apache.hudi.common.util.Option	org.apache.hudi.table.HoodieJavaMergeOnReadTable.scheduleCompaction(org.apache.hudi.common.engine.HoodieEngineContext, java.lang.String, org.apache.hudi.common.util.Option)	EXIT	!result.isPresent() || result.get() != null	OCA
INV-0180	hudi	org.apache.hudi.table.HoodieJavaMergeOnReadTable	scheduleCompaction	org.apache.hudi.common.engine.HoodieEngineContext, java.lang.String, org.apache.hudi.common.util.Option	org.apache.hudi.table.HoodieJavaMergeOnReadTable.scheduleCompaction(org.apache.hudi.common.engine.HoodieEngineContext, java.lang.String, org.apache.hudi.common.util.Option)	ENTRY	this.context.getClass().getName().equals(context.getClass().getName())	DAIKON
INV-0181	hudi	org.apache.hudi.table.HoodieJavaMergeOnReadTable	scheduleCompaction	org.apache.hudi.common.engine.HoodieEngineContext, java.lang.String, org.apache.hudi.common.util.Option	org.apache.hudi.table.HoodieJavaMergeOnReadTable.scheduleCompaction(org.apache.hudi.common.engine.HoodieEngineContext, java.lang.String, org.apache.hudi.common.util.Option)	ENTRY	extraMetadata != null	OCA
INV-0182	hudi	org.apache.hudi.table.HoodieJavaMergeOnReadTable	scheduleCompaction	org.apache.hudi.common.engine.HoodieEngineContext, java.lang.String, org.apache.hudi.common.util.Option	org.apache.hudi.table.HoodieJavaMergeOnReadTable.scheduleCompaction(org.apache.hudi.common.engine.HoodieEngineContext, java.lang.String, org.apache.hudi.common.util.Option)	EXIT	this.storageLayout == null	DAIKON
INV-0183	hudi	org.apache.hudi.table.HoodieJavaMergeOnReadTable	scheduleCompaction	org.apache.hudi.common.engine.HoodieEngineContext, java.lang.String, org.apache.hudi.common.util.Option	org.apache.hudi.table.HoodieJavaMergeOnReadTable.scheduleCompaction(org.apache.hudi.common.engine.HoodieEngineContext, java.lang.String, org.apache.hudi.common.util.Option)	EXIT	result != null	OCA
INV-0184	hudi	org.apache.hudi.table.HoodieJavaMergeOnReadTable	scheduleCompaction	org.apache.hudi.common.engine.HoodieEngineContext, java.lang.String, org.apache.hudi.common.util.Option	org.apache.hudi.table.HoodieJavaMergeOnReadTable.scheduleCompaction(org.apache.hudi.common.engine.HoodieEngineContext, java.lang.String, org.apache.hudi.common.util.Option)	EXIT	this.isMetadataTableExists == false	DAIKON
INV-0185	hudi	org.apache.hudi.table.HoodieJavaMergeOnReadTable	scheduleCompaction	org.apache.hudi.common.engine.HoodieEngineContext, java.lang.String, org.apache.hudi.common.util.Option	org.apache.hudi.table.HoodieJavaMergeOnReadTable.scheduleCompaction(org.apache.hudi.common.engine.HoodieEngineContext, java.lang.String, org.apache.hudi.common.util.Option)	ENTRY	instantTime != null && !instantTime.isEmpty()	OCA
INV-0186	hudi	org.apache.hudi.table.HoodieJavaMergeOnReadTable	scheduleCompaction	org.apache.hudi.common.engine.HoodieEngineContext, java.lang.String, org.apache.hudi.common.util.Option	org.apache.hudi.table.HoodieJavaMergeOnReadTable.scheduleCompaction(org.apache.hudi.common.engine.HoodieEngineContext, java.lang.String, org.apache.hudi.common.util.Option)	EXIT	result.isPresent() || !result.isPresent()	OCA
INV-0187	hudi	org.apache.hudi.table.HoodieJavaMergeOnReadTable	scheduleCompaction	org.apache.hudi.common.engine.HoodieEngineContext, java.lang.String, org.apache.hudi.common.util.Option	org.apache.hudi.table.HoodieJavaMergeOnReadTable.scheduleCompaction(org.apache.hudi.common.engine.HoodieEngineContext, java.lang.String, org.apache.hudi.common.util.Option)	ENTRY	this.metadata == null	DAIKON
INV-0188	hudi	org.apache.hudi.table.HoodieJavaMergeOnReadTable	scheduleCompaction	org.apache.hudi.common.engine.HoodieEngineContext, java.lang.String, org.apache.hudi.common.util.Option	org.apache.hudi.table.HoodieJavaMergeOnReadTable.scheduleCompaction(org.apache.hudi.common.engine.HoodieEngineContext, java.lang.String, org.apache.hudi.common.util.Option)	EXIT	result != null	DAIKON
INV-0189	hudi	org.apache.hudi.table.HoodieJavaTable	create	org.apache.hudi.config.HoodieWriteConfig, org.apache.hudi.common.engine.HoodieEngineContext	org.apache.hudi.table.HoodieJavaTable.create(org.apache.hudi.config.HoodieWriteConfig, org.apache.hudi.common.engine.HoodieEngineContext)	ENTRY	config != null	DAIKON
INV-0190	hudi	org.apache.hudi.table.HoodieJavaTable	create	org.apache.hudi.config.HoodieWriteConfig, org.apache.hudi.common.engine.HoodieEngineContext	org.apache.hudi.table.HoodieJavaTable.create(org.apache.hudi.config.HoodieWriteConfig, org.apache.hudi.common.engine.HoodieEngineContext)	ENTRY	context != null	OCA
INV-0191	hudi	org.apache.hudi.table.HoodieJavaTable	create	org.apache.hudi.config.HoodieWriteConfig, org.apache.hudi.common.engine.HoodieEngineContext	org.apache.hudi.table.HoodieJavaTable.create(org.apache.hudi.config.HoodieWriteConfig, org.apache.hudi.common.engine.HoodieEngineContext)	EXIT	result != null	DAIKON
INV-0192	hudi	org.apache.hudi.table.HoodieJavaTable	create	org.apache.hudi.config.HoodieWriteConfig, org.apache.hudi.common.engine.HoodieEngineContext	org.apache.hudi.table.HoodieJavaTable.create(org.apache.hudi.config.HoodieWriteConfig, org.apache.hudi.common.engine.HoodieEngineContext)	EXIT	result != null	OCA
INV-0193	hudi	org.apache.hudi.table.HoodieJavaTable	create	org.apache.hudi.config.HoodieWriteConfig, org.apache.hudi.common.engine.HoodieEngineContext	org.apache.hudi.table.HoodieJavaTable.create(org.apache.hudi.config.HoodieWriteConfig, org.apache.hudi.common.engine.HoodieEngineContext)	ENTRY	context != null	DAIKON
INV-0194	hudi	org.apache.hudi.table.HoodieJavaTable	create	org.apache.hudi.config.HoodieWriteConfig, org.apache.hudi.common.engine.HoodieEngineContext	org.apache.hudi.table.HoodieJavaTable.create(org.apache.hudi.config.HoodieWriteConfig, org.apache.hudi.common.engine.HoodieEngineContext)	ENTRY	config.getConsistencyGuardConfig() != null	OCA
INV-0195	hudi	org.apache.hudi.table.HoodieJavaTable	create	org.apache.hudi.config.HoodieWriteConfig, org.apache.hudi.common.engine.HoodieEngineContext	org.apache.hudi.table.HoodieJavaTable.create(org.apache.hudi.config.HoodieWriteConfig, org.apache.hudi.common.engine.HoodieEngineContext)	ENTRY	config != null	OCA
INV-0196	hudi	org.apache.hudi.table.HoodieJavaTable	create	org.apache.hudi.config.HoodieWriteConfig, org.apache.hudi.common.engine.HoodieEngineContext	org.apache.hudi.table.HoodieJavaTable.create(org.apache.hudi.config.HoodieWriteConfig, org.apache.hudi.common.engine.HoodieEngineContext)	ENTRY	context.getClass() == org.apache.hudi.client.common.HoodieJavaEngineContext.class	DAIKON
INV-0197	spring	org.springframework.core.convert.support.StreamConverter	convertToStream	java.lang.Object, org.springframework.core.convert.TypeDescriptor, org.springframework.core.convert.TypeDescriptor	org.springframework.core.convert.support.StreamConverter.convertToStream(java.lang.Object, org.springframework.core.convert.TypeDescriptor, org.springframework.core.convert.TypeDescriptor)	EXIT	"result.getClass().getName().equals(""java.util.stream.ReferencePipeline$Head"")"	DAIKON
INV-0198	spring	org.springframework.core.convert.support.StreamConverter	convertToStream	java.lang.Object, org.springframework.core.convert.TypeDescriptor, org.springframework.core.convert.TypeDescriptor	org.springframework.core.convert.support.StreamConverter.convertToStream(java.lang.Object, org.springframework.core.convert.TypeDescriptor, org.springframework.core.convert.TypeDescriptor)	EXIT	result != null	OCA
INV-0199	netty	io.netty.util.NetUtil	toAddressString	byte[], int, boolean	io.netty.util.NetUtil.toAddressString(byte[], int, boolean)	ENTRY	bytes != null	OCA
INV-0200	netty	io.netty.util.NetUtil	toAddressString	byte[], int, boolean	io.netty.util.NetUtil.toAddressString(byte[], int, boolean)	ENTRY	offset == 0	DAIKON
INV-0201	netty	io.netty.util.NetUtil	toAddressString	byte[], int, boolean	io.netty.util.NetUtil.toAddressString(byte[], int, boolean)	ENTRY	java.util.stream.IntStream.range(0, bytes.length).anyMatch(i -> bytes[i] == offset)	DAIKON
INV-0202	netty	io.netty.util.NetUtil	toAddressString	byte[], int, boolean	io.netty.util.NetUtil.toAddressString(byte[], int, boolean)	ENTRY	offset >= 0	OCA
INV-0203	netty	io.netty.util.NetUtil	toAddressString	byte[], int, boolean	io.netty.util.NetUtil.toAddressString(byte[], int, boolean)	EXIT	result != null	OCA
INV-0204	netty	io.netty.util.NetUtil	toAddressString	byte[], int, boolean	io.netty.util.NetUtil.toAddressString(byte[], int, boolean)	EXIT	java.util.stream.IntStream.range(0, bytes.length).allMatch(i -> bytes[i] < io.netty.util.NetUtil.SOMAXCONN)	DAIKON
INV-0205	netty	io.netty.util.NetUtil	toAddressString	byte[], int, boolean	io.netty.util.NetUtil.toAddressString(byte[], int, boolean)	ENTRY	java.util.stream.IntStream.range(0, bytes.length).allMatch(i -> bytes[i] < io.netty.util.NetUtil.SOMAXCONN)	DAIKON
INV-0206	netty	io.netty.util.NetUtil	toAddressString	byte[], int, boolean	io.netty.util.NetUtil.toAddressString(byte[], int, boolean)	ENTRY	ipv4Mapped == true || ipv4Mapped == false	OCA
INV-0207	apollo	com.ctrip.framework.apollo.biz.registry.configuration.support.ApolloServiceDiscoveryProperties	getHealthCheckIntervalInSecond		com.ctrip.framework.apollo.biz.registry.configuration.support.ApolloServiceDiscoveryProperties.getHealthCheckIntervalInSecond()	EXIT	result >= 0L	OCA
INV-0208	apollo	com.ctrip.framework.apollo.biz.registry.configuration.support.ApolloServiceDiscoveryProperties	getHealthCheckIntervalInSecond		com.ctrip.framework.apollo.biz.registry.configuration.support.ApolloServiceDiscoveryProperties.getHealthCheckIntervalInSecond()	EXIT	this.healthCheckIntervalInSecond == result	DAIKON
INV-0209	spring	org.springframework.core.convert.support.StringToPropertiesConverter	convert	java.lang.String	org.springframework.core.convert.support.StringToPropertiesConverter.convert(java.lang.String)	ENTRY	"""   foo=bar\n    bar=baz\n     baz=boo"".equals(source) || ""a=b\nc=2\nd="".equals(source)"	DAIKON
INV-0210	spring	org.springframework.core.convert.support.StringToPropertiesConverter	convert	java.lang.String	org.springframework.core.convert.support.StringToPropertiesConverter.convert(java.lang.String)	EXIT	result.isEmpty() == (source.isEmpty())	OCA
INV-0211	spring	org.springframework.core.convert.support.StringToPropertiesConverter	convert	java.lang.String	org.springframework.core.convert.support.StringToPropertiesConverter.convert(java.lang.String)	EXIT	"""   foo=bar\n    bar=baz\n     baz=boo"".equals(source) || ""a=b\nc=2\nd="".equals(source)"	DAIKON
INV-0212	spring	org.springframework.core.convert.support.StringToPropertiesConverter	convert	java.lang.String	org.springframework.core.convert.support.StringToPropertiesConverter.convert(java.lang.String)	EXIT	result != null	OCA
INV-0213	netty	io.netty.util.DomainNameMapping	needsNormalization	java.lang.String	io.netty.util.DomainNameMapping.needsNormalization(java.lang.String)	EXIT	result == false	DAIKON
INV-0214	netty	io.netty.util.DomainNameMapping	needsNormalization	java.lang.String	io.netty.util.DomainNameMapping.needsNormalization(java.lang.String)	EXIT	!result || hostname.length() > 0	OCA
INV-0215	hudi	org.apache.hudi.table.action.commit.BaseJavaCommitActionExecutor	updateIndex	java.util.List, org.apache.hudi.table.action.HoodieWriteMetadata	org.apache.hudi.table.action.commit.BaseJavaCommitActionExecutor.updateIndex(java.util.List, org.apache.hudi.table.action.HoodieWriteMetadata)	EXIT	writeStatuses.stream().allMatch(element -> element != null)	DAIKON
INV-0216	hudi	org.apache.hudi.table.action.commit.BaseJavaCommitActionExecutor	updateIndex	java.util.List, org.apache.hudi.table.action.HoodieWriteMetadata	org.apache.hudi.table.action.commit.BaseJavaCommitActionExecutor.updateIndex(java.util.List, org.apache.hudi.table.action.HoodieWriteMetadata)	ENTRY	writeStatuses != null	OCA
INV-0217	hudi	org.apache.hudi.table.action.commit.BaseJavaCommitActionExecutor	updateIndex	java.util.List, org.apache.hudi.table.action.HoodieWriteMetadata	org.apache.hudi.table.action.commit.BaseJavaCommitActionExecutor.updateIndex(java.util.List, org.apache.hudi.table.action.HoodieWriteMetadata)	EXIT	result != null	OCA
INV-0218	hudi	org.apache.hudi.table.action.commit.BaseJavaCommitActionExecutor	updateIndex	java.util.List, org.apache.hudi.table.action.HoodieWriteMetadata	org.apache.hudi.table.action.commit.BaseJavaCommitActionExecutor.updateIndex(java.util.List, org.apache.hudi.table.action.HoodieWriteMetadata)	ENTRY	result.getWriteStatuses() == null	OCA
INV-0219	hudi	org.apache.hudi.table.action.commit.BaseJavaCommitActionExecutor	updateIndex	java.util.List, org.apache.hudi.table.action.HoodieWriteMetadata	org.apache.hudi.table.action.commit.BaseJavaCommitActionExecutor.updateIndex(java.util.List, org.apache.hudi.table.action.HoodieWriteMetadata)	ENTRY	!this.instantGenerator.getClass().getName().equals(writeStatuses.getClass().getName())	DAIKON
INV-0220	hudi	org.apache.hudi.table.action.commit.BaseJavaCommitActionExecutor	updateIndex	java.util.List, org.apache.hudi.table.action.HoodieWriteMetadata	org.apache.hudi.table.action.commit.BaseJavaCommitActionExecutor.updateIndex(java.util.List, org.apache.hudi.table.action.HoodieWriteMetadata)	EXIT	!this.instantFileNameGenerator.getClass().getName().equals(result.getClass().getName())	DAIKON
INV-0221	hudi	org.apache.hudi.table.action.commit.BaseJavaCommitActionExecutor	updateIndex	java.util.List, org.apache.hudi.table.action.HoodieWriteMetadata	org.apache.hudi.table.action.commit.BaseJavaCommitActionExecutor.updateIndex(java.util.List, org.apache.hudi.table.action.HoodieWriteMetadata)	ENTRY	(!writeStatuses.isEmpty() || writeStatuses.isEmpty())	OCA
INV-0222	hudi	org.apache.hudi.table.action.commit.BaseJavaCommitActionExecutor	updateIndex	java.util.List, org.apache.hudi.table.action.HoodieWriteMetadata	org.apache.hudi.table.action.commit.BaseJavaCommitActionExecutor.updateIndex(java.util.List, org.apache.hudi.table.action.HoodieWriteMetadata)	ENTRY	writeStatuses.size() >= 0	OCA
INV-0223	hudi	org.apache.hudi.table.action.commit.BaseJavaCommitActionExecutor	updateIndex	java.util.List, org.apache.hudi.table.action.HoodieWriteMetadata	org.apache.hudi.table.action.commit.BaseJavaCommitActionExecutor.updateIndex(java.util.List, org.apache.hudi.table.action.HoodieWriteMetadata)	EXIT	!this.pendingInflightAndRequestedInstants.getClass().getName().equals(result.getClass().getName())	DAIKON
INV-0224	hudi	org.apache.hudi.table.action.commit.BaseJavaCommitActionExecutor	updateIndex	java.util.List, org.apache.hudi.table.action.HoodieWriteMetadata	org.apache.hudi.table.action.commit.BaseJavaCommitActionExecutor.updateIndex(java.util.List, org.apache.hudi.table.action.HoodieWriteMetadata)	ENTRY	!this.taskContextSupplier.getClass().getName().equals(writeStatuses.getClass().getName())	DAIKON
INV-0225	hudi	org.apache.hudi.table.action.commit.BaseJavaCommitActionExecutor	updateIndex	java.util.List, org.apache.hudi.table.action.HoodieWriteMetadata	org.apache.hudi.table.action.commit.BaseJavaCommitActionExecutor.updateIndex(java.util.List, org.apache.hudi.table.action.HoodieWriteMetadata)	ENTRY	result != null	OCA
INV-0226	hudi	org.apache.hudi.table.action.commit.BaseJavaCommitActionExecutor	updateIndex	java.util.List, org.apache.hudi.table.action.HoodieWriteMetadata	org.apache.hudi.table.action.commit.BaseJavaCommitActionExecutor.updateIndex(java.util.List, org.apache.hudi.table.action.HoodieWriteMetadata)	EXIT	writeStatuses.size() == result.size() && java.util.stream.IntStream.range(0, writeStatuses.size()).allMatch(i -> writeStatuses.get(i) == result.get(i))	DAIKON
INV-0227	libgdx	com.badlogic.gdx.utils.CharArray	append	char[]	com.badlogic.gdx.utils.CharArray.append(char[])	ENTRY	ch == null || ch.length >= 0	OCA
INV-0228	libgdx	com.badlogic.gdx.utils.CharArray	append	char[]	com.badlogic.gdx.utils.CharArray.append(char[])	EXIT	ch == null || result.items != null	OCA
INV-0229	libgdx	com.badlogic.gdx.utils.CharArray	append	char[]	com.badlogic.gdx.utils.CharArray.append(char[])	ENTRY	ch == null || ch.getClass().isArray()	OCA
INV-0230	libgdx	com.badlogic.gdx.utils.CharArray	append	char[]	com.badlogic.gdx.utils.CharArray.append(char[])	ENTRY	ch == null || ch.length == (ch.length)	OCA
INV-0231	libgdx	com.badlogic.gdx.utils.CharArray	append	char[]	com.badlogic.gdx.utils.CharArray.append(char[])	ENTRY	java.util.Arrays.equals(this.items, new char[] {0, 0, 0, 0, 0, 0, 0, 0, 0, 0, 0, 0, 0, 0, 0, 0}) || java.util.Arrays.equals(this.items, new char[] {84, 101, 115, 116, 32, 0, 0, 0, 0, 0, 0, 0, 0, 0, 0, 0})	DAIKON
INV-0232	libgdx	com.badlogic.gdx.utils.CharArray	append	char[]	com.badlogic.gdx.utils.CharArray.append(char[])	EXIT	(ch == null) || (ch.length == 0) || (result.size >= ch.length)	OCA
INV-0233	libgdx	com.badlogic.gdx.utils.CharArray	append	char[]	com.badlogic.gdx.utils.CharArray.append(char[])	ENTRY	java.util.Arrays.equals(ch, new char[] {49, 50, 51}) || java.util.Arrays.equals(ch, new char[] {55357, 56832})	DAIKON
INV-0234	libgdx	com.badlogic.gdx.utils.CharArray	append	char[]	com.badlogic.gdx.utils.CharArray.append(char[])	EXIT	java.util.Arrays.equals(this.items, new char[] {84, 101, 115, 116, 32, 49, 50, 51, 0, 0, 0, 0, 0, 0, 0, 0}) || java.util.Arrays.equals(this.items, new char[] {55357, 56832, 0, 0, 0, 0, 0, 0, 0, 0, 0, 0, 0, 0, 0, 0})	DAIKON
INV-0235	libgdx	com.badlogic.gdx.utils.CharArray	append	char[]	com.badlogic.gdx.utils.CharArray.append(char[])	EXIT	ch != null || result != null	OCA
INV-0236	libgdx	com.badlogic.gdx.utils.CharArray	append	char[]	com.badlogic.gdx.utils.CharArray.append(char[])	ENTRY	this.ordered == true	DAIKON
INV-0237	libgdx	com.badlogic.gdx.utils.CharArray	append	char[]	com.badlogic.gdx.utils.CharArray.append(char[])	EXIT	result == this	DAIKON
INV-0238	libgdx	com.badlogic.gdx.utils.CharArray	append	char[]	com.badlogic.gdx.utils.CharArray.append(char[])	EXIT	this.size == 2 || this.size == 8	DAIKON
INV-0239	apollo	com.ctrip.framework.apollo.biz.service.ItemService	getItemInfoBySearch	java.lang.String, java.lang.String, org.springframework.data.domain.Pageable	com.ctrip.framework.apollo.biz.service.ItemService.getItemInfoBySearch(java.lang.String, java.lang.String, org.springframework.data.domain.Pageable)	EXIT	"this.itemRepository.getClass().getName().equals(""jdk.proxy2.$Proxy258"")"	DAIKON
INV-0240	apollo	com.ctrip.framework.apollo.biz.service.ItemService	getItemInfoBySearch	java.lang.String, java.lang.String, org.springframework.data.domain.Pageable	com.ctrip.framework.apollo.biz.service.ItemService.getItemInfoBySearch(java.lang.String, java.lang.String, org.springframework.data.domain.Pageable)	ENTRY	"this.itemRepository.getClass().getName().equals(""jdk.proxy2.$Proxy258"")"	DAIKON
INV-0241	apollo	com.ctrip.framework.apollo.biz.service.ItemService	getItemInfoBySearch	java.lang.String, java.lang.String, org.springframework.data.domain.Pageable	com.ctrip.framework.apollo.biz.service.ItemService.getItemInfoBySearch(java.lang.String, java.lang.String, org.springframework.data.domain.Pageable)	ENTRY	limit != null	OCA
INV-0242	apollo	com.ctrip.framework.apollo.biz.service.ItemService	getItemInfoBySearch	java.lang.String, java.lang.String, org.springframework.data.domain.Pageable	com.ctrip.framework.apollo.biz.service.ItemService.getItemInfoBySearch(java.lang.String, java.lang.String, org.springframework.data.domain.Pageable)	EXIT	(key.isEmpty() || !value.isEmpty() || !result.isEmpty())	OCA
INV-0243	apollo	com.ctrip.framework.apollo.biz.service.ItemService	getItemInfoBySearch	java.lang.String, java.lang.String, org.springframework.data.domain.Pageable	com.ctrip.framework.apollo.biz.service.ItemService.getItemInfoBySearch(java.lang.String, java.lang.String, org.springframework.data.domain.Pageable)	ENTRY	key != null	OCA
INV-0244	apollo	com.ctrip.framework.apollo.biz.service.ItemService	getItemInfoBySearch	java.lang.String, java.lang.String, org.springframework.data.domain.Pageable	com.ctrip.framework.apollo.biz.service.ItemService.getItemInfoBySearch(java.lang.String, java.lang.String, org.springframework.data.domain.Pageable)	ENTRY	!(key.isEmpty() && value.isEmpty())	OCA
INV-0245	apollo	com.ctrip.framework.apollo.biz.service.ItemService	getItemInfoBySearch	java.lang.String, java.lang.String, org.springframework.data.domain.Pageable	com.ctrip.framework.apollo.biz.service.ItemService.getItemInfoBySearch(java.lang.String, java.lang.String, org.springframework.data.domain.Pageable)	ENTRY	""""".equals(value) || ""v1"".equals(value)"	DAIKON
INV-0246	apollo	com.ctrip.framework.apollo.biz.service.ItemService	getItemInfoBySearch	java.lang.String, java.lang.String, org.springframework.data.domain.Pageable	com.ctrip.framework.apollo.biz.service.ItemService.getItemInfoBySearch(java.lang.String, java.lang.String, org.springframework.data.domain.Pageable)	EXIT	""""".equals(value) || ""v1"".equals(value)"	DAIKON
INV-0247	apollo	com.ctrip.framework.apollo.biz.service.ItemService	getItemInfoBySearch	java.lang.String, java.lang.String, org.springframework.data.domain.Pageable	com.ctrip.framework.apollo.biz.service.ItemService.getItemInfoBySearch(java.lang.String, java.lang.String, org.springframework.data.domain.Pageable)	ENTRY	""""".equals(key) || ""k1"".equals(key)"	DAIKON
INV-0248	apollo	com.ctrip.framework.apollo.biz.service.ItemService	getItemInfoBySearch	java.lang.String, java.lang.String, org.springframework.data.domain.Pageable	com.ctrip.framework.apollo.biz.service.ItemService.getItemInfoBySearch(java.lang.String, java.lang.String, org.springframework.data.domain.Pageable)	ENTRY	(key.isEmpty() && !value.isEmpty()) || (!key.isEmpty() && value.isEmpty()) || (!key.isEmpty() && !value.isEmpty())	OCA
INV-0249	apollo	com.ctrip.framework.apollo.biz.service.ItemService	getItemInfoBySearch	java.lang.String, java.lang.String, org.springframework.data.domain.Pageable	com.ctrip.framework.apollo.biz.service.ItemService.getItemInfoBySearch(java.lang.String, java.lang.String, org.springframework.data.domain.Pageable)	EXIT	(result.getSize() == limit.getPageSize())	OCA
INV-0250	apollo	com.ctrip.framework.apollo.biz.service.ItemService	getItemInfoBySearch	java.lang.String, java.lang.String, org.springframework.data.domain.Pageable	com.ctrip.framework.apollo.biz.service.ItemService.getItemInfoBySearch(java.lang.String, java.lang.String, org.springframework.data.domain.Pageable)	EXIT	result.getClass() == org.springframework.data.domain.PageImpl.class	DAIKON
INV-0251	apollo	com.ctrip.framework.apollo.biz.service.ItemService	getItemInfoBySearch	java.lang.String, java.lang.String, org.springframework.data.domain.Pageable	com.ctrip.framework.apollo.biz.service.ItemService.getItemInfoBySearch(java.lang.String, java.lang.String, org.springframework.data.domain.Pageable)	EXIT	""""".equals(key) || ""k1"".equals(key)"	DAIKON
INV-0252	apollo	com.ctrip.framework.apollo.biz.service.ItemService	getItemInfoBySearch	java.lang.String, java.lang.String, org.springframework.data.domain.Pageable	com.ctrip.framework.apollo.biz.service.ItemService.getItemInfoBySearch(java.lang.String, java.lang.String, org.springframework.data.domain.Pageable)	ENTRY	value != null	OCA
INV-0253	dubbo	org.apache.dubbo.common.io.UnsafeByteArrayOutputStream	toString		org.apache.dubbo.common.io.UnsafeByteArrayOutputStream.toString()	ENTRY	this.mCount == 3	DAIKON
INV-0254	dubbo	org.apache.dubbo.common.io.UnsafeByteArrayOutputStream	toString		org.apache.dubbo.common.io.UnsafeByteArrayOutputStream.toString()	EXIT	result != null	OCA
INV-0255	apollo	com.ctrip.framework.apollo.biz.entity.Item	setLineNum	java.lang.Integer	com.ctrip.framework.apollo.biz.entity.Item.setLineNum(java.lang.Integer)	ENTRY	this.key != null	DAIKON
INV-0256	apollo	com.ctrip.framework.apollo.biz.entity.Item	setLineNum	java.lang.Integer	com.ctrip.framework.apollo.biz.entity.Item.setLineNum(java.lang.Integer)	ENTRY	this.dataChangeCreatedBy == null	DAIKON
INV-0257	apollo	com.ctrip.framework.apollo.biz.entity.Item	setLineNum	java.lang.Integer	com.ctrip.framework.apollo.biz.entity.Item.setLineNum(java.lang.Integer)	EXIT	lineNum == null || lineNum.intValue() >= 0	OCA
INV-0258	apollo	com.ctrip.framework.apollo.biz.entity.Item	setLineNum	java.lang.Integer	com.ctrip.framework.apollo.biz.entity.Item.setLineNum(java.lang.Integer)	EXIT	lineNum == null || lineNum.compareTo(0) >= 0	OCA
INV-0259	apollo	com.ctrip.framework.apollo.biz.entity.Item	setLineNum	java.lang.Integer	com.ctrip.framework.apollo.biz.entity.Item.setLineNum(java.lang.Integer)	ENTRY	this.namespaceId == 0 || this.namespaceId == 1	DAIKON
INV-0260	apollo	com.ctrip.framework.apollo.biz.entity.Item	setLineNum	java.lang.Integer	com.ctrip.framework.apollo.biz.entity.Item.setLineNum(java.lang.Integer)	ENTRY	lineNum == null || lineNum.intValue() >= 0	OCA
INV-0261	netty	io.netty.util.AsciiStringUtil	toLowerCase	io.netty.util.AsciiString	io.netty.util.AsciiStringUtil.toLowerCase(io.netty.util.AsciiString)	EXIT	result.length() == string.length()	OCA
INV-0262	netty	io.netty.util.AsciiStringUtil	toLowerCase	io.netty.util.AsciiString	io.netty.util.AsciiStringUtil.toLowerCase(io.netty.util.AsciiString)	EXIT	java.util.Arrays.equals(string.array(), new byte[] {84, 104, 105, 115, 32, 105, 115, 32, 97, 32, 116, 101, 115, 84}) || java.util.Arrays.equals(string.array(), new byte[] {84, 104, 105, 115, 32, 105, 115, 32, 97, 32, 116, 101, 115, 116, 32, 102, 111, 114, 32, 108, 111, 110, 103, 101, 114, 32, 115, 101, 113, 117, 101, 110, 99, 101, 115}) || java.util.Arrays.equals(string.array(), new byte[] {84, 104, 105, 115, 32, 105, 115, 32, 97, 32, 116, 101, 115, 116, 33})	DAIKON
INV-0263	netty	io.netty.util.AsciiStringUtil	toLowerCase	io.netty.util.AsciiString	io.netty.util.AsciiStringUtil.toLowerCase(io.netty.util.AsciiString)	EXIT	"io.netty.util.AsciiString.CASE_SENSITIVE_HASHER.getClass().getName().equals(""io.netty.util.AsciiString$2"")"	DAIKON
INV-0264	netty	io.netty.util.AsciiStringUtil	toLowerCase	io.netty.util.AsciiString	io.netty.util.AsciiStringUtil.toLowerCase(io.netty.util.AsciiString)	ENTRY	"io.netty.util.AsciiString.CASE_SENSITIVE_HASHER.getClass().getName().equals(""io.netty.util.AsciiString$2"")"	DAIKON
INV-0265	netty	io.netty.util.AsciiStringUtil	toLowerCase	io.netty.util.AsciiString	io.netty.util.AsciiStringUtil.toLowerCase(io.netty.util.AsciiString)	EXIT	io.netty.util.AsciiString.EMPTY_STRING.array().length == 0	DAIKON
INV-0266	netty	io.netty.util.AsciiStringUtil	toLowerCase	io.netty.util.AsciiString	io.netty.util.AsciiStringUtil.toLowerCase(io.netty.util.AsciiString)	ENTRY	string != null	OCA
INV-0267	netty	io.netty.util.AsciiStringUtil	toLowerCase	io.netty.util.AsciiString	io.netty.util.AsciiStringUtil.toLowerCase(io.netty.util.AsciiString)	EXIT	io.netty.util.AsciiString.EMPTY_STRING.arrayOffset() == 0	DAIKON
INV-0268	netty	io.netty.util.AsciiStringUtil	toLowerCase	io.netty.util.AsciiString	io.netty.util.AsciiStringUtil.toLowerCase(io.netty.util.AsciiString)	ENTRY	io.netty.util.AsciiString.EMPTY_STRING.array().length == 0	DAIKON
INV-0269	netty	io.netty.util.AsciiStringUtil	toLowerCase	io.netty.util.AsciiString	io.netty.util.AsciiStringUtil.toLowerCase(io.netty.util.AsciiString)	EXIT	result != null && string != null	OCA
INV-0270	netty	io.netty.util.AsciiStringUtil	toLowerCase	io.netty.util.AsciiString	io.netty.util.AsciiStringUtil.toLowerCase(io.netty.util.AsciiString)	EXIT	result.toString().equals(string.toString().toLowerCase())	OCA
INV-0271	netty	io.netty.util.AsciiStringUtil	toLowerCase	io.netty.util.AsciiString	io.netty.util.AsciiStringUtil.toLowerCase(io.netty.util.AsciiString)	ENTRY	string.arrayOffset() + string.length() <= string.array().length	OCA
INV-0272	netty	io.netty.util.AsciiStringUtil	toLowerCase	io.netty.util.AsciiString	io.netty.util.AsciiStringUtil.toLowerCase(io.netty.util.AsciiString)	ENTRY	"io.netty.util.AsciiString.CASE_INSENSITIVE_HASHER.getClass().getName().equals(""io.netty.util.AsciiString$1"")"	DAIKON
INV-0273	netty	io.netty.util.AsciiStringUtil	toLowerCase	io.netty.util.AsciiString	io.netty.util.AsciiStringUtil.toLowerCase(io.netty.util.AsciiString)	EXIT	io.netty.util.AsciiString.EMPTY_STRING.arrayOffset() == string.arrayOffset()	DAIKON
INV-0274	netty	io.netty.util.AsciiStringUtil	toLowerCase	io.netty.util.AsciiString	io.netty.util.AsciiStringUtil.toLowerCase(io.netty.util.AsciiString)	ENTRY	string.length() >= 0	OCA
INV-0275	netty	io.netty.util.AsciiStringUtil	toLowerCase	io.netty.util.AsciiString	io.netty.util.AsciiStringUtil.toLowerCase(io.netty.util.AsciiString)	ENTRY	string.array() != null	OCA
INV-0276	netty	io.netty.util.AsciiStringUtil	toLowerCase	io.netty.util.AsciiString	io.netty.util.AsciiStringUtil.toLowerCase(io.netty.util.AsciiString)	ENTRY	string.arrayOffset() >= 0	OCA
INV-0277	spring	org.springframework.core.convert.ConversionService	convert	java.lang.Object, org.springframework.core.convert.TypeDescriptor	org.springframework.core.convert.ConversionService.convert(java.lang.Object, org.springframework.core.convert.TypeDescriptor)	EXIT	(source == null && result == null) || (source != null)	OCA
INV-0278	spring	org.springframework.core.convert.ConversionService	convert	java.lang.Object, org.springframework.core.convert.TypeDescriptor	org.springframework.core.convert.ConversionService.convert(java.lang.Object, org.springframework.core.convert.TypeDescriptor)	ENTRY	(source == null) || source.getClass() != null	OCA
INV-0279	spring	org.springframework.core.convert.ConversionService	convert	java.lang.Object, org.springframework.core.convert.TypeDescriptor	org.springframework.core.convert.ConversionService.convert(java.lang.Object, org.springframework.core.convert.TypeDescriptor)	ENTRY	targetType != null	DAIKON
INV-0280	spring	org.springframework.core.convert.ConversionService	convert	java.lang.Object, org.springframework.core.convert.TypeDescriptor	org.springframework.core.convert.ConversionService.convert(java.lang.Object, org.springframework.core.convert.TypeDescriptor)	ENTRY	targetType != null	OCA
INV-0281	spring	org.springframework.core.convert.ConversionService	convert	java.lang.Object, org.springframework.core.convert.TypeDescriptor	org.springframework.core.convert.ConversionService.convert(java.lang.Object, org.springframework.core.convert.TypeDescriptor)	ENTRY	!this.getClass().getName().equals(source.getClass().getName())	DAIKON
INV-0282	spring	org.springframework.core.convert.ConversionService	convert	java.lang.Object, org.springframework.core.convert.TypeDescriptor	org.springframework.core.convert.ConversionService.convert(java.lang.Object, org.springframework.core.convert.TypeDescriptor)	ENTRY	!((source != null) && (targetType.getObjectType() == null))	OCA
INV-0283	spring	org.springframework.core.convert.ConversionService	convert	java.lang.Object, org.springframework.core.convert.TypeDescriptor	org.springframework.core.convert.ConversionService.convert(java.lang.Object, org.springframework.core.convert.TypeDescriptor)	ENTRY	source != null	DAIKON
INV-0284	spring	org.springframework.core.convert.ConversionService	convert	java.lang.Object, org.springframework.core.convert.TypeDescriptor	org.springframework.core.convert.ConversionService.convert(java.lang.Object, org.springframework.core.convert.TypeDescriptor)	EXIT	result != null	DAIKON
INV-0285	netty	io.netty.util.internal.ReflectionUtil	resolveTypeParameter	java.lang.Object, java.lang.Class, java.lang.String	io.netty.util.internal.ReflectionUtil.resolveTypeParameter(java.lang.Object, java.lang.Class, java.lang.String)	ENTRY	"typeParamName.toString().equals(""B"") || typeParamName.toString().equals(""C"") || typeParamName.toString().equals(""E"")"	DAIKON
INV-0286	netty	io.netty.util.internal.ReflectionUtil	resolveTypeParameter	java.lang.Object, java.lang.Class, java.lang.String	io.netty.util.internal.ReflectionUtil.resolveTypeParameter(java.lang.Object, java.lang.Class, java.lang.String)	ENTRY	parametrizedSuperclass.isAssignableFrom(object.getClass())	OCA
INV-0287	apollo	com.ctrip.framework.apollo.biz.service.InstanceService	findActiveInstanceConfigsByReleaseKey	java.lang.String, org.springframework.data.domain.Pageable	com.ctrip.framework.apollo.biz.service.InstanceService.findActiveInstanceConfigsByReleaseKey(java.lang.String, org.springframework.data.domain.Pageable)	ENTRY	pageable.getPageSize() > 0	OCA
INV-0288	apollo	com.ctrip.framework.apollo.biz.service.InstanceService	findActiveInstanceConfigsByReleaseKey	java.lang.String, org.springframework.data.domain.Pageable	com.ctrip.framework.apollo.biz.service.InstanceService.findActiveInstanceConfigsByReleaseKey(java.lang.String, org.springframework.data.domain.Pageable)	EXIT	result.getClass() == org.springframework.data.domain.PageImpl.class	DAIKON
INV-0289	apollo	com.ctrip.framework.apollo.biz.service.InstanceService	findActiveInstanceConfigsByReleaseKey	java.lang.String, org.springframework.data.domain.Pageable	com.ctrip.framework.apollo.biz.service.InstanceService.findActiveInstanceConfigsByReleaseKey(java.lang.String, org.springframework.data.domain.Pageable)	ENTRY	pageable.getPageNumber() >= 0	OCA
INV-0290	apollo	com.ctrip.framework.apollo.biz.service.InstanceService	findActiveInstanceConfigsByReleaseKey	java.lang.String, org.springframework.data.domain.Pageable	com.ctrip.framework.apollo.biz.service.InstanceService.findActiveInstanceConfigsByReleaseKey(java.lang.String, org.springframework.data.domain.Pageable)	ENTRY	"releaseKey.toString().equals(""someReleaseKey"")"	DAIKON
INV-0291	apollo	com.ctrip.framework.apollo.biz.service.InstanceService	findActiveInstanceConfigsByReleaseKey	java.lang.String, org.springframework.data.domain.Pageable	com.ctrip.framework.apollo.biz.service.InstanceService.findActiveInstanceConfigsByReleaseKey(java.lang.String, org.springframework.data.domain.Pageable)	ENTRY	releaseKey != null	OCA
INV-0292	apollo	com.ctrip.framework.apollo.biz.service.InstanceService	findActiveInstanceConfigsByReleaseKey	java.lang.String, org.springframework.data.domain.Pageable	com.ctrip.framework.apollo.biz.service.InstanceService.findActiveInstanceConfigsByReleaseKey(java.lang.String, org.springframework.data.domain.Pageable)	EXIT	result.getPageable().equals(pageable)	OCA
INV-0293	apollo	com.ctrip.framework.apollo.biz.service.InstanceService	findActiveInstanceConfigsByReleaseKey	java.lang.String, org.springframework.data.domain.Pageable	com.ctrip.framework.apollo.biz.service.InstanceService.findActiveInstanceConfigsByReleaseKey(java.lang.String, org.springframework.data.domain.Pageable)	EXIT	"releaseKey.toString().equals(""someReleaseKey"")"	DAIKON
INV-0294	apollo	com.ctrip.framework.apollo.biz.service.InstanceService	findActiveInstanceConfigsByReleaseKey	java.lang.String, org.springframework.data.domain.Pageable	com.ctrip.framework.apollo.biz.service.InstanceService.findActiveInstanceConfigsByReleaseKey(java.lang.String, org.springframework.data.domain.Pageable)	ENTRY	pageable.getClass() == org.springframework.data.domain.PageRequest.class	DAIKON
INV-0295	netty	io.netty.util.AsciiStringUtil	isLowerCase	byte	io.netty.util.AsciiStringUtil.isLowerCase(byte)	EXIT	result == true	DAIKON
INV-0296	netty	io.netty.util.AsciiStringUtil	isLowerCase	byte	io.netty.util.AsciiStringUtil.isLowerCase(byte)	EXIT	result == (value >= 97 && value <= 122)	OCA
INV-0297	netty	io.netty.util.AsciiStringUtil	isLowerCase	byte	io.netty.util.AsciiStringUtil.isLowerCase(byte)	EXIT	(result != false) || (io.netty.util.AsciiStringUtil.$assertionsDisabled == result)	DAIKON
INV-0298	netty	io.netty.util.AsciiStringUtil	isLowerCase	byte	io.netty.util.AsciiStringUtil.isLowerCase(byte)	ENTRY	value != 0	OCA
INV-0299	netty	io.netty.util.AsciiStringUtil	isLowerCase	byte	io.netty.util.AsciiStringUtil.isLowerCase(byte)	ENTRY	value >= 0	OCA
INV-0300	netty	io.netty.util.AsciiStringUtil	isLowerCase	byte	io.netty.util.AsciiStringUtil.isLowerCase(byte)	EXIT	io.netty.util.AsciiStringUtil.$assertionsDisabled == result	DAIKON
INV-0301	libgdx	com.badlogic.gdx.utils.LongQueue	equals	java.lang.Object	com.badlogic.gdx.utils.LongQueue.equals(java.lang.Object)	EXIT	(!(result == false)) || java.util.Arrays.stream(this.values).allMatch(element -> element == 0 || element == 1 || element == 2)	DAIKON
INV-0302	libgdx	com.badlogic.gdx.utils.LongQueue	equals	java.lang.Object	com.badlogic.gdx.utils.LongQueue.equals(java.lang.Object)	ENTRY	o != null	OCA
INV-0303	netty	io.netty.util.internal.ReflectionUtil	trySetAccessible	java.lang.reflect.AccessibleObject, boolean	io.netty.util.internal.ReflectionUtil.trySetAccessible(java.lang.reflect.AccessibleObject, boolean)	EXIT	result == null	DAIKON
INV-0304	netty	io.netty.util.internal.ReflectionUtil	trySetAccessible	java.lang.reflect.AccessibleObject, boolean	io.netty.util.internal.ReflectionUtil.trySetAccessible(java.lang.reflect.AccessibleObject, boolean)	ENTRY	checkAccessible == false || object != null	OCA
INV-0305	apollo	com.ctrip.framework.apollo.biz.entity.JpaMapFieldJsonConverter	convertToDatabaseColumn	java.util.Map	com.ctrip.framework.apollo.biz.entity.JpaMapFieldJsonConverter.convertToDatabaseColumn(java.util.Map)	ENTRY	!com.ctrip.framework.apollo.biz.entity.JpaMapFieldJsonConverter.TYPE.getClass().getName().equals(attribute.getClass().getName())	DAIKON
INV-0306	apollo	com.ctrip.framework.apollo.biz.entity.JpaMapFieldJsonConverter	convertToDatabaseColumn	java.util.Map	com.ctrip.framework.apollo.biz.entity.JpaMapFieldJsonConverter.convertToDatabaseColumn(java.util.Map)	EXIT	result != null	DAIKON
INV-0307	apollo	com.ctrip.framework.apollo.biz.entity.JpaMapFieldJsonConverter	convertToDatabaseColumn	java.util.Map	com.ctrip.framework.apollo.biz.entity.JpaMapFieldJsonConverter.convertToDatabaseColumn(java.util.Map)	ENTRY	!com.ctrip.framework.apollo.biz.entity.JpaMapFieldJsonConverter.TYPE_TOKEN.getClass().getName().equals(attribute.getClass().getName())	DAIKON
INV-0308	apollo	com.ctrip.framework.apollo.biz.entity.JpaMapFieldJsonConverter	convertToDatabaseColumn	java.util.Map	com.ctrip.framework.apollo.biz.entity.JpaMapFieldJsonConverter.convertToDatabaseColumn(java.util.Map)	EXIT	attribute == null || result.length() >= 2	OCA
INV-0309	apollo	com.ctrip.framework.apollo.biz.entity.JpaMapFieldJsonConverter	convertToDatabaseColumn	java.util.Map	com.ctrip.framework.apollo.biz.entity.JpaMapFieldJsonConverter.convertToDatabaseColumn(java.util.Map)	EXIT	!result.isEmpty() || (attribute == null || attribute.isEmpty())	OCA
INV-0310	apollo	com.ctrip.framework.apollo.biz.entity.JpaMapFieldJsonConverter	convertToDatabaseColumn	java.util.Map	com.ctrip.framework.apollo.biz.entity.JpaMapFieldJsonConverter.convertToDatabaseColumn(java.util.Map)	EXIT	"(attribute == null) || (!result.contains(""null""))"	OCA
INV-0311	libgdx	com.badlogic.gdx.utils.JsonReader	parse	char[], int, int	com.badlogic.gdx.utils.JsonReader.parse(char[], int, int)	ENTRY	this.root == this.current	DAIKON
INV-0312	libgdx	com.badlogic.gdx.utils.JsonReader	parse	char[], int, int	com.badlogic.gdx.utils.JsonReader.parse(char[], int, int)	ENTRY	data != null	OCA
INV-0313	libgdx	com.badlogic.gdx.utils.JsonReader	parse	char[], int, int	com.badlogic.gdx.utils.JsonReader.parse(char[], int, int)	ENTRY	length >= offset	OCA
INV-0314	libgdx	com.badlogic.gdx.utils.JsonReader	parse	char[], int, int	com.badlogic.gdx.utils.JsonReader.parse(char[], int, int)	ENTRY	data.length >= 0	OCA
INV-0315	libgdx	com.badlogic.gdx.utils.JsonReader	parse	char[], int, int	com.badlogic.gdx.utils.JsonReader.parse(char[], int, int)	ENTRY	com.badlogic.gdx.utils.JsonReader.json_error == offset	DAIKON
INV-0316	libgdx	com.badlogic.gdx.utils.JsonReader	parse	char[], int, int	com.badlogic.gdx.utils.JsonReader.parse(char[], int, int)	EXIT	this.root == this.current	DAIKON
INV-0317	libgdx	com.badlogic.gdx.utils.JsonReader	parse	char[], int, int	com.badlogic.gdx.utils.JsonReader.parse(char[], int, int)	ENTRY	true	DAIKON
INV-0318	libgdx	com.badlogic.gdx.utils.JsonReader	parse	char[], int, int	com.badlogic.gdx.utils.JsonReader.parse(char[], int, int)	ENTRY	length <= data.length	OCA
INV-0319	libgdx	com.badlogic.gdx.utils.JsonReader	parse	char[], int, int	com.badlogic.gdx.utils.JsonReader.parse(char[], int, int)	EXIT	true	DAIKON
INV-0320	libgdx	com.badlogic.gdx.utils.JsonReader	parse	char[], int, int	com.badlogic.gdx.utils.JsonReader.parse(char[], int, int)	ENTRY	offset >= 0	OCA
INV-0321	dubbo	org.apache.dubbo.common.utils.CollectionUtils	isEmptyMap	java.util.Map	org.apache.dubbo.common.utils.CollectionUtils.isEmptyMap(java.util.Map)	EXIT	result || (map != null && !map.isEmpty())	OCA
INV-0322	dubbo	org.apache.dubbo.common.utils.CollectionUtils	isEmptyMap	java.util.Map	org.apache.dubbo.common.utils.CollectionUtils.isEmptyMap(java.util.Map)	EXIT	result == (map == null || map.isEmpty())	OCA
INV-0323	dubbo	org.apache.dubbo.common.utils.CollectionUtils	isEmptyMap	java.util.Map	org.apache.dubbo.common.utils.CollectionUtils.isEmptyMap(java.util.Map)	EXIT	map == null || map.isEmpty() || !result	OCA
INV-0324	dubbo	org.apache.dubbo.common.utils.CollectionUtils	isEmptyMap	java.util.Map	org.apache.dubbo.common.utils.CollectionUtils.isEmptyMap(java.util.Map)	ENTRY	map.getClass() == java.util.HashMap.class	DAIKON
INV-0325	dubbo	org.apache.dubbo.common.utils.CollectionUtils	isEmptyMap	java.util.Map	org.apache.dubbo.common.utils.CollectionUtils.isEmptyMap(java.util.Map)	EXIT	result == false	DAIKON
INV-0326	dubbo	org.apache.dubbo.common.utils.CollectionUtils	isEmptyMap	java.util.Map	org.apache.dubbo.common.utils.CollectionUtils.isEmptyMap(java.util.Map)	EXIT	result == true	DAIKON
INV-0327	hudi	org.apache.hudi.table.upgrade.JavaUpgradeDowngradeHelper	getInstance		org.apache.hudi.table.upgrade.JavaUpgradeDowngradeHelper.getInstance()	EXIT	result != null	OCA
INV-0328	hudi	org.apache.hudi.table.upgrade.JavaUpgradeDowngradeHelper	getInstance		org.apache.hudi.table.upgrade.JavaUpgradeDowngradeHelper.getInstance()	EXIT	org.apache.hudi.table.upgrade.JavaUpgradeDowngradeHelper.SINGLETON_INSTANCE == result	DAIKON
INV-0329	netty	io.netty.util.internal.ObjectUtil	checkNonEmpty	java.lang.CharSequence, java.lang.String	io.netty.util.internal.ObjectUtil.checkNonEmpty(java.lang.CharSequence, java.lang.String)	EXIT	result == value	OCA
INV-0330	netty	io.netty.util.internal.ObjectUtil	checkNonEmpty	java.lang.CharSequence, java.lang.String	io.netty.util.internal.ObjectUtil.checkNonEmpty(java.lang.CharSequence, java.lang.String)	EXIT	result.length() == value.length()	OCA
INV-0331	netty	io.netty.util.internal.ObjectUtil	checkNonEmpty	java.lang.CharSequence, java.lang.String	io.netty.util.internal.ObjectUtil.checkNonEmpty(java.lang.CharSequence, java.lang.String)	ENTRY	name != null	OCA
INV-0332	netty	io.netty.util.internal.ObjectUtil	checkNonEmpty	java.lang.CharSequence, java.lang.String	io.netty.util.internal.ObjectUtil.checkNonEmpty(java.lang.CharSequence, java.lang.String)	ENTRY	name.length() >= 0	OCA
INV-0333	netty	io.netty.util.internal.ObjectUtil	checkNonEmpty	java.lang.CharSequence, java.lang.String	io.netty.util.internal.ObjectUtil.checkNonEmpty(java.lang.CharSequence, java.lang.String)	ENTRY	value.getClass() == String.class	DAIKON
INV-0334	netty	io.netty.util.internal.ObjectUtil	checkNonEmpty	java.lang.CharSequence, java.lang.String	io.netty.util.internal.ObjectUtil.checkNonEmpty(java.lang.CharSequence, java.lang.String)	ENTRY	"""NOT_NULL"".equals(name.toString()) || ""NOT_NULL_BUT_EMPTY"".equals(name.toString())"	DAIKON
INV-0335	netty	io.netty.util.internal.ObjectUtil	checkNonEmpty	java.lang.CharSequence, java.lang.String	io.netty.util.internal.ObjectUtil.checkNonEmpty(java.lang.CharSequence, java.lang.String)	EXIT	result.getClass() == String.class	DAIKON
INV-0336	netty	io.netty.util.internal.ObjectUtil	checkNonEmpty	java.lang.CharSequence, java.lang.String	io.netty.util.internal.ObjectUtil.checkNonEmpty(java.lang.CharSequence, java.lang.String)	EXIT	"""NOT_NULL"".equals(name.toString()) || ""NOT_NULL_BUT_EMPTY"".equals(name.toString())"	DAIKON
INV-0337	dubbo	org.apache.dubbo.common.utils.IOUtils	readLines	java.io.File	org.apache.dubbo.common.utils.IOUtils.readLines(java.io.File)	EXIT	"java.util.Arrays.equals(result, new String[]{""ABCDEFGHIJKLMNOPQRSTUVWXYZabcdefghijklmnopqrstuvwxyz1234567890""}) || java.util.Arrays.equals(result, new String[]{""a"", ""b"", ""c""})"	DAIKON
INV-0338	dubbo	org.apache.dubbo.common.utils.IOUtils	readLines	java.io.File	org.apache.dubbo.common.utils.IOUtils.readLines(java.io.File)	EXIT	result.getClass() == String[].class	DAIKON
INV-0339	dubbo	org.apache.dubbo.common.utils.IOUtils	readLines	java.io.File	org.apache.dubbo.common.utils.IOUtils.readLines(java.io.File)	ENTRY	file.exists()	OCA
INV-0340	dubbo	org.apache.dubbo.common.utils.IOUtils	readLines	java.io.File	org.apache.dubbo.common.utils.IOUtils.readLines(java.io.File)	ENTRY	!file.isDirectory()	OCA
INV-0341	apollo	com.ctrip.framework.apollo.biz.entity.ReleaseHistory	getOperationContext		com.ctrip.framework.apollo.biz.entity.ReleaseHistory.getOperationContext()	EXIT	result == null || !result.isEmpty() || result.isEmpty()	OCA
INV-0342	apollo	com.ctrip.framework.apollo.biz.entity.ReleaseHistory	getOperationContext		com.ctrip.framework.apollo.biz.entity.ReleaseHistory.getOperationContext()	EXIT	this.branchName.toString().compareTo(result.toString()) < 0	DAIKON
INV-0343	apollo	com.ctrip.framework.apollo.biz.entity.ReleaseHistory	getOperationContext		com.ctrip.framework.apollo.biz.entity.ReleaseHistory.getOperationContext()	EXIT	result != null	DAIKON
INV-0344	apollo	com.ctrip.framework.apollo.biz.entity.ReleaseHistory	getOperationContext		com.ctrip.framework.apollo.biz.entity.ReleaseHistory.getOperationContext()	ENTRY	this.operation < this.id	DAIKON
INV-0345	apollo	com.ctrip.framework.apollo.biz.entity.ReleaseHistory	getOperationContext		com.ctrip.framework.apollo.biz.entity.ReleaseHistory.getOperationContext()	EXIT	result == null || result.length() >= 0	OCA
INV-0346	apollo	com.ctrip.framework.apollo.biz.entity.ReleaseHistory	getOperationContext		com.ctrip.framework.apollo.biz.entity.ReleaseHistory.getOperationContext()	EXIT	"result == null || result.contains("""")"	OCA
INV-0347	spring	org.springframework.core.convert.support.AbstractConditionalEnumConverter	matches	org.springframework.core.convert.TypeDescriptor, org.springframework.core.convert.TypeDescriptor	org.springframework.core.convert.support.AbstractConditionalEnumConverter.matches(org.springframework.core.convert.TypeDescriptor, org.springframework.core.convert.TypeDescriptor)	EXIT	result == true	DAIKON
INV-0348	spring	org.springframework.core.convert.support.AbstractConditionalEnumConverter	matches	org.springframework.core.convert.TypeDescriptor, org.springframework.core.convert.TypeDescriptor	org.springframework.core.convert.support.AbstractConditionalEnumConverter.matches(org.springframework.core.convert.TypeDescriptor, org.springframework.core.convert.TypeDescriptor)	EXIT	result == true || (sourceType != null && targetType != null)	OCA
INV-0349	apollo	com.ctrip.framework.apollo.biz.service.ItemService	checkItemKeyLength	java.lang.String	com.ctrip.framework.apollo.biz.service.ItemService.checkItemKeyLength(java.lang.String)	EXIT	"""jdk.proxy2.$Proxy258"".equals(this.itemRepository.getClass().getName())"	DAIKON
INV-0350	apollo	com.ctrip.framework.apollo.biz.service.ItemService	checkItemKeyLength	java.lang.String	com.ctrip.framework.apollo.biz.service.ItemService.checkItemKeyLength(java.lang.String)	ENTRY	key == null || key.length() >= 0	OCA
INV-0351	apollo	com.ctrip.framework.apollo.biz.service.ItemService	checkItemKeyLength	java.lang.String	com.ctrip.framework.apollo.biz.service.ItemService.checkItemKeyLength(java.lang.String)	ENTRY	key != null || key == null	OCA
INV-0352	apollo	com.ctrip.framework.apollo.biz.service.ItemService	checkItemKeyLength	java.lang.String	com.ctrip.framework.apollo.biz.service.ItemService.checkItemKeyLength(java.lang.String)	EXIT	result == true	DAIKON
INV-0353	apollo	com.ctrip.framework.apollo.biz.service.ItemService	checkItemKeyLength	java.lang.String	com.ctrip.framework.apollo.biz.service.ItemService.checkItemKeyLength(java.lang.String)	ENTRY	"""jdk.proxy2.$Proxy258"".equals(this.itemRepository.getClass().getName())"	DAIKON
INV-0354	apollo	com.ctrip.framework.apollo.biz.service.ItemService	checkItemKeyLength	java.lang.String	com.ctrip.framework.apollo.biz.service.ItemService.checkItemKeyLength(java.lang.String)	EXIT	result == true	OCA
INV-0355	apollo	com.ctrip.framework.apollo.biz.service.ItemService	checkItemKeyLength	java.lang.String	com.ctrip.framework.apollo.biz.service.ItemService.checkItemKeyLength(java.lang.String)	ENTRY	key == null || !key.isEmpty() || !key.isEmpty()	OCA
INV-0356	apollo	com.ctrip.framework.apollo.biz.service.ItemService	checkItemKeyLength	java.lang.String	com.ctrip.framework.apollo.biz.service.ItemService.checkItemKeyLength(java.lang.String)	EXIT	"""k3"".equals(key.toString()) || ""k6"".equals(key.toString()) || ""k7"".equals(key.toString())"	DAIKON
INV-0357	netty	io.netty.util.AbstractConstant	hashCode		io.netty.util.AbstractConstant.hashCode()	EXIT	result != 0	OCA
INV-0358	netty	io.netty.util.AbstractConstant	hashCode		io.netty.util.AbstractConstant.hashCode()	ENTRY	"""b_beta"".equals(this.name.toString()) || ""c_gamma"".equals(this.name.toString()) || ""e_epsilon"".equals(this.name.toString())"	DAIKON
