review_id	project	class_name	method_name	parameters	program_point	invariant
INV-0001	dubbo	org.apache.dubbo.common.utils.LogHelper	error	org.apache.dubbo.common.logger.Logger, java.lang.String, java.lang.Throwable	EXIT	logger == null || msg != null || e != null
INV-0002	dubbo	org.apache.dubbo.common.utils.LogHelper	error	org.apache.dubbo.common.logger.Logger, java.lang.String, java.lang.Throwable	EXIT	logger == null || logger.isErrorEnabled()
INV-0003	dubbo	org.apache.dubbo.common.utils.LogHelper	error	org.apache.dubbo.common.logger.Logger, java.lang.String, java.lang.Throwable	ENTRY	"logger.getClass().getName().equals(""org.apache.dubbo.common.logger.Logger$MockitoMock$jZMOTlpe"")"
INV-0004	dubbo	org.apache.dubbo.common.utils.LogHelper	error	org.apache.dubbo.common.logger.Logger, java.lang.String, java.lang.Throwable	ENTRY	"""error"".equals(msg)"
INV-0005	dubbo	org.apache.dubbo.common.utils.LogHelper	error	org.apache.dubbo.common.logger.Logger, java.lang.String, java.lang.Throwable	EXIT	logger == null || (msg != null || e != null)
INV-0006	dubbo	org.apache.dubbo.common.utils.LogHelper	error	org.apache.dubbo.common.logger.Logger, java.lang.String, java.lang.Throwable	EXIT	"""error"".equals(msg)"
INV-0007	dubbo	org.apache.dubbo.common.utils.Stack	peek		ENTRY	this.mElements.stream().allMatch(e -> e.getClass() == java.lang.String.class)
INV-0008	dubbo	org.apache.dubbo.common.utils.Stack	peek		EXIT	result != null
INV-0009	apollo	com.ctrip.framework.apollo.biz.registry.configuration.support.ApolloServiceRegistryClearApplicationRunner	run	org.springframework.boot.ApplicationArguments	EXIT	args != null
INV-0010	apollo	com.ctrip.framework.apollo.biz.registry.configuration.support.ApolloServiceRegistryClearApplicationRunner	run	org.springframework.boot.ApplicationArguments	ENTRY	args.getClass() == org.springframework.boot.DefaultApplicationArguments.class
INV-0011	apollo	com.ctrip.framework.apollo.biz.registry.configuration.ApolloServiceDiscoveryAutoConfiguration	wrapMemoryCache	com.ctrip.framework.apollo.biz.registry.DatabaseDiscoveryClient	ENTRY	discoveryClient != null
INV-0012	apollo	com.ctrip.framework.apollo.biz.registry.configuration.ApolloServiceDiscoveryAutoConfiguration	wrapMemoryCache	com.ctrip.framework.apollo.biz.registry.DatabaseDiscoveryClient	EXIT	result.getClass() == com.ctrip.framework.apollo.biz.registry.DatabaseDiscoveryClientMemoryCacheDecoratorImpl.class
INV-0013	apollo	com.ctrip.framework.apollo.biz.registry.configuration.ApolloServiceDiscoveryAutoConfiguration	wrapMemoryCache	com.ctrip.framework.apollo.biz.registry.DatabaseDiscoveryClient	ENTRY	discoveryClient.getClass() == com.ctrip.framework.apollo.biz.registry.DatabaseDiscoveryClientAlwaysAddSelfInstanceDecoratorImpl.class
INV-0014	apollo	com.ctrip.framework.apollo.biz.registry.configuration.ApolloServiceDiscoveryAutoConfiguration	wrapMemoryCache	com.ctrip.framework.apollo.biz.registry.DatabaseDiscoveryClient	EXIT	result != discoveryClient
INV-0015	dubbo	org.apache.dubbo.common.utils.MethodUtils	excludedDeclaredClass	java.lang.Class	ENTRY	declaredClass.getName() != null
INV-0016	dubbo	org.apache.dubbo.common.utils.MethodUtils	excludedDeclaredClass	java.lang.Class	EXIT	"result.getClass().getName().equals(""org.apache.dubbo.common.utils.MethodUtils$$Lambda$1023/0x00001548a54c6bf0"")"
INV-0017	libgdx	com.badlogic.gdx.math.Polygon	setVertices	float[]	ENTRY	this.worldVertices == null
INV-0018	libgdx	com.badlogic.gdx.math.Polygon	setVertices	float[]	EXIT	vertices != null
INV-0019	libgdx	com.badlogic.gdx.math.Polygon	setVertices	float[]	EXIT	vertices.length == 8 && vertices[0] == 1.0f && vertices[1] == -2.0f && vertices[2] == 1.0f && vertices[3] == -1.5f && vertices[4] == 1.5f && vertices[5] == -1.5f && vertices[6] == 1.5f && vertices[7] == -2.0f
INV-0020	libgdx	com.badlogic.gdx.math.Polygon	setVertices	float[]	ENTRY	(vertices.length % 2) == 0
INV-0021	libgdx	com.badlogic.gdx.math.Polygon	setVertices	float[]	ENTRY	vertices != null
INV-0022	libgdx	com.badlogic.gdx.math.Polygon	setVertices	float[]	EXIT	vertices.length >= 6
INV-0023	libgdx	com.badlogic.gdx.math.Polygon	setVertices	float[]	ENTRY	this.x == this.originX
INV-0024	libgdx	com.badlogic.gdx.math.Polygon	setVertices	float[]	ENTRY	this.x == 0.0f
INV-0025	libgdx	com.badlogic.gdx.math.Polygon	setVertices	float[]	EXIT	java.util.Arrays.equals(this.localVertices, vertices)
INV-0026	libgdx	com.badlogic.gdx.math.Polygon	setVertices	float[]	ENTRY	vertices.length >= 6
INV-0027	libgdx	com.badlogic.gdx.math.Polygon	setVertices	float[]	EXIT	vertices.length % 2 == 0
INV-0028	libgdx	com.badlogic.gdx.math.Polygon	setVertices	float[]	ENTRY	this.localVertices.length == 0
INV-0029	spring	org.springframework.core.convert.support.ObjectToCollectionConverter	matches	org.springframework.core.convert.TypeDescriptor, org.springframework.core.convert.TypeDescriptor	ENTRY	sourceType != null
INV-0030	spring	org.springframework.core.convert.support.ObjectToCollectionConverter	matches	org.springframework.core.convert.TypeDescriptor, org.springframework.core.convert.TypeDescriptor	EXIT	result == true
INV-0031	hudi	org.apache.hudi.client.common.HoodieJavaEngineContext	getReaderContextFactory	org.apache.hudi.common.table.HoodieTableMetaClient	EXIT	!this.taskContextSupplier.getClass().getName().equals(result.getClass().getName())
INV-0032	hudi	org.apache.hudi.client.common.HoodieJavaEngineContext	getReaderContextFactory	org.apache.hudi.common.table.HoodieTableMetaClient	ENTRY	metaClient.getBasePath() != null
INV-0033	hudi	org.apache.hudi.client.common.HoodieJavaEngineContext	getReaderContextFactory	org.apache.hudi.common.table.HoodieTableMetaClient	ENTRY	metaClient != null
INV-0034	hudi	org.apache.hudi.client.common.HoodieJavaEngineContext	getReaderContextFactory	org.apache.hudi.common.table.HoodieTableMetaClient	EXIT	!this.storageConf.getClass().getName().equals(result.getClass().getName())
INV-0035	hudi	org.apache.hudi.client.common.HoodieJavaEngineContext	getReaderContextFactory	org.apache.hudi.common.table.HoodieTableMetaClient	ENTRY	metaClient.getTableType() != null
INV-0036	hudi	org.apache.hudi.client.common.HoodieJavaEngineContext	getReaderContextFactory	org.apache.hudi.common.table.HoodieTableMetaClient	EXIT	result.getClass() == org.apache.hudi.common.engine.AvroReaderContextFactory.class
INV-0037	libgdx	com.badlogic.gdx.utils.LongArray	incr	int, long	ENTRY	index >= 0
INV-0038	libgdx	com.badlogic.gdx.utils.LongArray	incr	int, long	ENTRY	value == 45L
INV-0039	netty	io.netty.util.concurrent.FastThreadLocalThread	setThreadLocalMap	io.netty.util.internal.InternalThreadLocalMap	ENTRY	threadLocalMap != null || threadLocalMap == null
INV-0040	netty	io.netty.util.concurrent.FastThreadLocalThread	setThreadLocalMap	io.netty.util.internal.InternalThreadLocalMap	EXIT	threadLocalMap.futureListenerStackDepth == threadLocalMap.rp2
INV-0041	dubbo	org.apache.dubbo.common.utils.ReflectUtils	getName	java.lang.reflect.Method	EXIT	"""java.util.List hello(int[])"".equals(result)"
INV-0042	dubbo	org.apache.dubbo.common.utils.ReflectUtils	getName	java.lang.reflect.Method	ENTRY	m != null
INV-0043	spring	org.springframework.core.convert.support.IdToEntityConverter	getEntityName	java.lang.Class	EXIT	this.conversionService.getClass() == org.springframework.core.convert.support.DefaultConversionService.class
INV-0044	spring	org.springframework.core.convert.support.IdToEntityConverter	getEntityName	java.lang.Class	ENTRY	entityClass != null
INV-0045	spring	org.springframework.core.convert.support.IdToEntityConverter	getEntityName	java.lang.Class	EXIT	result != null
INV-0046	spring	org.springframework.core.convert.support.IdToEntityConverter	getEntityName	java.lang.Class	EXIT	result.indexOf('.') == -1
INV-0047	spring	org.springframework.core.convert.support.IdToEntityConverter	getEntityName	java.lang.Class	EXIT	result != null
INV-0048	spring	org.springframework.core.convert.support.IdToEntityConverter	getEntityName	java.lang.Class	ENTRY	entityClass != null
INV-0049	spring	org.springframework.core.convert.support.EnumToStringConverter	convert	java.lang.Enum	EXIT	result.length() > 0
INV-0050	spring	org.springframework.core.convert.support.EnumToStringConverter	convert	java.lang.Enum	EXIT	"""A"".equals(result) || ""BAR"".equals(result) || ""FIRST"".equals(result)"
INV-0051	libgdx	com.badlogic.gdx.utils.CharArray	add	char, char	ENTRY	Character.isDefined(value2)
INV-0052	libgdx	com.badlogic.gdx.utils.CharArray	add	char, char	ENTRY	java.util.stream.IntStream.range(0, this.items.length).allMatch(i -> this.items[i] == 0 || this.items[i] == 97)
INV-0053	libgdx	com.badlogic.gdx.utils.CharArray	add	char, char	ENTRY	java.util.Arrays.equals(this.items, new char[] {97, 0, 0, 0, 0, 0, 0, 0, 0, 0, 0, 0, 0, 0, 0, 0})
INV-0054	libgdx	com.badlogic.gdx.utils.CharArray	add	char, char	EXIT	this.size == 3
INV-0055	libgdx	com.badlogic.gdx.utils.CharArray	add	char, char	EXIT	value1 != value2
INV-0056	libgdx	com.badlogic.gdx.utils.CharArray	add	char, char	EXIT	this.ordered == true
INV-0057	libgdx	com.badlogic.gdx.utils.CharArray	add	char, char	ENTRY	Character.isDefined(value1)
INV-0058	libgdx	com.badlogic.gdx.utils.CharArray	add	char, char	ENTRY	value1 == 98
INV-0059	libgdx	com.badlogic.gdx.utils.CharArray	add	char, char	EXIT	!(value1 < 0)
INV-0060	libgdx	com.badlogic.gdx.utils.CharArray	add	char, char	EXIT	Character.isValidCodePoint(value2)
INV-0061	libgdx	com.badlogic.gdx.utils.CharArray	add	char, char	ENTRY	value2 == 99
INV-0062	libgdx	com.badlogic.gdx.utils.CharArray	add	char, char	EXIT	Character.isValidCodePoint(value1)
INV-0063	libgdx	com.badlogic.gdx.utils.CharArray	add	char, char	EXIT	java.util.Arrays.equals(this.items, new char[] {97, 98, 99, 0, 0, 0, 0, 0, 0, 0, 0, 0, 0, 0, 0, 0})
INV-0064	libgdx	com.badlogic.gdx.utils.CharArray	add	char, char	ENTRY	value1 != value2
INV-0065	hudi	org.apache.hudi.execution.JavaLazyInsertIterable	computeNext		EXIT	result.stream().allMatch(element -> element != null)
INV-0066	hudi	org.apache.hudi.execution.JavaLazyInsertIterable	computeNext		EXIT	!this.inputItr.getClass().getName().equals(result.getClass().getName())
INV-0067	hudi	org.apache.hudi.execution.JavaLazyInsertIterable	computeNext		EXIT	!result.isEmpty()
INV-0068	hudi	org.apache.hudi.execution.JavaLazyInsertIterable	computeNext		EXIT	result.size() > 0
INV-0069	hudi	org.apache.hudi.execution.JavaLazyInsertIterable	computeNext		EXIT	result != null
INV-0070	hudi	org.apache.hudi.execution.JavaLazyInsertIterable	computeNext		EXIT	!this.taskContextSupplier.getClass().getName().equals(result.getClass().getName())
INV-0071	spring	org.springframework.core.convert.support.ObjectToCollectionConverter	getConvertibleTypes		EXIT	result != null
INV-0072	spring	org.springframework.core.convert.support.ObjectToCollectionConverter	getConvertibleTypes		EXIT	"""java.util.Collections$SingletonSet"".equals(result.getClass().getName())"
INV-0073	spring	org.springframework.core.convert.support.ObjectToCollectionConverter	getConvertibleTypes		EXIT	result != null
INV-0074	spring	org.springframework.core.convert.support.ObjectToCollectionConverter	getConvertibleTypes		EXIT	!result.isEmpty()
INV-0075	spring	org.springframework.core.convert.support.ObjectToCollectionConverter	getConvertibleTypes		EXIT	!this.conversionService.getClass().getName().equals(result.getClass().getName())
INV-0076	spring	org.springframework.core.convert.support.ObjectToCollectionConverter	getConvertibleTypes		EXIT	result.size() == 1
INV-0077	hudi	org.apache.hudi.table.action.commit.JavaUpsertPartitioner	getSmallFilesForPartitions	java.util.List, org.apache.hudi.common.engine.HoodieEngineContext	EXIT	this.smallFiles.isEmpty()
INV-0078	hudi	org.apache.hudi.table.action.commit.JavaUpsertPartitioner	getSmallFilesForPartitions	java.util.List, org.apache.hudi.common.engine.HoodieEngineContext	EXIT	(partitionPaths == null || partitionPaths.isEmpty()) == result.isEmpty()
INV-0079	hudi	org.apache.hudi.table.action.commit.JavaUpsertPartitioner	getSmallFilesForPartitions	java.util.List, org.apache.hudi.common.engine.HoodieEngineContext	ENTRY	partitionPaths != null
INV-0080	hudi	org.apache.hudi.table.action.commit.JavaUpsertPartitioner	getSmallFilesForPartitions	java.util.List, org.apache.hudi.common.engine.HoodieEngineContext	EXIT	result != null
INV-0081	hudi	org.apache.hudi.table.action.commit.JavaUpsertPartitioner	getSmallFilesForPartitions	java.util.List, org.apache.hudi.common.engine.HoodieEngineContext	ENTRY	partitionPaths == null || !partitionPaths.contains(null)
INV-0082	hudi	org.apache.hudi.table.action.commit.JavaUpsertPartitioner	getSmallFilesForPartitions	java.util.List, org.apache.hudi.common.engine.HoodieEngineContext	ENTRY	partitionPaths == null || partitionPaths.size() >= 0
INV-0083	hudi	org.apache.hudi.table.action.commit.JavaUpsertPartitioner	getSmallFilesForPartitions	java.util.List, org.apache.hudi.common.engine.HoodieEngineContext	ENTRY	context != null
INV-0084	hudi	org.apache.hudi.table.action.commit.JavaUpsertPartitioner	getSmallFilesForPartitions	java.util.List, org.apache.hudi.common.engine.HoodieEngineContext	ENTRY	this.smallFiles.isEmpty()
INV-0085	hudi	org.apache.hudi.table.action.commit.JavaUpsertPartitioner	getSmallFilesForPartitions	java.util.List, org.apache.hudi.common.engine.HoodieEngineContext	ENTRY	context != null
INV-0086	hudi	org.apache.hudi.table.action.commit.JavaUpsertPartitioner	getSmallFilesForPartitions	java.util.List, org.apache.hudi.common.engine.HoodieEngineContext	EXIT	this.smallFiles.size() <= partitionPaths.size() - 1
INV-0087	apollo	com.ctrip.framework.apollo.biz.service.ItemSetService	updateSet	java.lang.String, java.lang.String, java.lang.String, com.ctrip.framework.apollo.common.dto.ItemChangeSets	ENTRY	this.bizConfig.propertySources == null
INV-0088	apollo	com.ctrip.framework.apollo.biz.service.ItemSetService	updateSet	java.lang.String, java.lang.String, java.lang.String, com.ctrip.framework.apollo.common.dto.ItemChangeSets	ENTRY	namespaceName != null
INV-0089	apollo	com.ctrip.framework.apollo.biz.service.ItemSetService	updateSet	java.lang.String, java.lang.String, java.lang.String, com.ctrip.framework.apollo.common.dto.ItemChangeSets	EXIT	changeSet.createItems.size() == result.createItems.size() && java.util.stream.IntStream.range(0, changeSet.createItems.size()).allMatch(i -> changeSet.createItems.get(i) == result.createItems.get(i))
INV-0090	apollo	com.ctrip.framework.apollo.biz.service.ItemSetService	updateSet	java.lang.String, java.lang.String, java.lang.String, com.ctrip.framework.apollo.common.dto.ItemChangeSets	EXIT	changeSet.updateItems.size() == changeSet.deleteItems.size()
INV-0091	apollo	com.ctrip.framework.apollo.biz.service.ItemSetService	updateSet	java.lang.String, java.lang.String, java.lang.String, com.ctrip.framework.apollo.common.dto.ItemChangeSets	ENTRY	changeSet != null && changeSet.getCreateItems() != null && changeSet.getDeleteItems() != null && changeSet.getUpdateItems() != null
INV-0092	apollo	com.ctrip.framework.apollo.biz.service.ItemSetService	updateSet	java.lang.String, java.lang.String, java.lang.String, com.ctrip.framework.apollo.common.dto.ItemChangeSets	EXIT	changeSet != null && result == changeSet
INV-0093	apollo	com.ctrip.framework.apollo.biz.service.ItemSetService	updateSet	java.lang.String, java.lang.String, java.lang.String, com.ctrip.framework.apollo.common.dto.ItemChangeSets	ENTRY	appId != null
INV-0094	apollo	com.ctrip.framework.apollo.biz.service.ItemSetService	updateSet	java.lang.String, java.lang.String, java.lang.String, com.ctrip.framework.apollo.common.dto.ItemChangeSets	ENTRY	clusterName != null
INV-0095	apollo	com.ctrip.framework.apollo.biz.service.ItemSetService	updateSet	java.lang.String, java.lang.String, java.lang.String, com.ctrip.framework.apollo.common.dto.ItemChangeSets	EXIT	this.bizConfig.splitter == null
INV-0096	apollo	com.ctrip.framework.apollo.biz.service.ItemSetService	updateSet	java.lang.String, java.lang.String, java.lang.String, com.ctrip.framework.apollo.common.dto.ItemChangeSets	EXIT	java.util.Objects.equals(changeSet.dataChangeCreatedBy, result.dataChangeLastModifiedByDisplayName)
INV-0097	hudi	org.apache.hudi.table.action.commit.BaseJavaCommitActionExecutor	handleUpsertPartition	java.lang.String, java.lang.Integer, java.util.Iterator, org.apache.hudi.table.action.commit.Partitioner	EXIT	result != null
INV-0098	hudi	org.apache.hudi.table.action.commit.BaseJavaCommitActionExecutor	handleUpsertPartition	java.lang.String, java.lang.Integer, java.util.Iterator, org.apache.hudi.table.action.commit.Partitioner	ENTRY	partitioner != null
INV-0099	hudi	org.apache.hudi.table.action.commit.BaseJavaCommitActionExecutor	handleUpsertPartition	java.lang.String, java.lang.Integer, java.util.Iterator, org.apache.hudi.table.action.commit.Partitioner	EXIT	!this.storageConf.getClass().getName().equals(result.getClass().getName())
INV-0100	hudi	org.apache.hudi.table.action.commit.BaseJavaCommitActionExecutor	handleUpsertPartition	java.lang.String, java.lang.Integer, java.util.Iterator, org.apache.hudi.table.action.commit.Partitioner	ENTRY	!this.taskContextSupplier.getClass().getName().equals(partitioner.getClass().getName())
INV-0101	hudi	org.apache.hudi.table.action.commit.BaseJavaCommitActionExecutor	handleUpsertPartition	java.lang.String, java.lang.Integer, java.util.Iterator, org.apache.hudi.table.action.commit.Partitioner	ENTRY	!this.pendingInflightAndRequestedInstants.getClass().getName().equals(recordItr.getClass().getName())
INV-0102	hudi	org.apache.hudi.table.action.commit.BaseJavaCommitActionExecutor	handleUpsertPartition	java.lang.String, java.lang.Integer, java.util.Iterator, org.apache.hudi.table.action.commit.Partitioner	ENTRY	partitioner != null
INV-0103	hudi	org.apache.hudi.table.action.commit.BaseJavaCommitActionExecutor	handleUpsertPartition	java.lang.String, java.lang.Integer, java.util.Iterator, org.apache.hudi.table.action.commit.Partitioner	EXIT	this.instantFileNameGenerator.getClass() == org.apache.hudi.common.table.timeline.versioning.v2.InstantFileNameGeneratorV2.class
INV-0104	hudi	org.apache.hudi.table.action.commit.BaseJavaCommitActionExecutor	handleUpsertPartition	java.lang.String, java.lang.Integer, java.util.Iterator, org.apache.hudi.table.action.commit.Partitioner	ENTRY	recordItr != null
INV-0105	hudi	org.apache.hudi.table.action.commit.BaseJavaCommitActionExecutor	handleUpsertPartition	java.lang.String, java.lang.Integer, java.util.Iterator, org.apache.hudi.table.action.commit.Partitioner	ENTRY	instantTime != null
INV-0106	hudi	org.apache.hudi.table.action.commit.BaseJavaCommitActionExecutor	handleUpsertPartition	java.lang.String, java.lang.Integer, java.util.Iterator, org.apache.hudi.table.action.commit.Partitioner	ENTRY	partition != null
INV-0107	dubbo	org.apache.dubbo.common.utils.FieldUtils	getFieldValue	java.lang.Object, java.lang.String	EXIT	"""a"".equals(fieldName) || ""b"".equals(fieldName)"
INV-0108	dubbo	org.apache.dubbo.common.utils.FieldUtils	getFieldValue	java.lang.Object, java.lang.String	EXIT	result.getClass() == java.lang.String.class
INV-0109	dubbo	org.apache.dubbo.common.utils.FieldUtils	getFieldValue	java.lang.Object, java.lang.String	ENTRY	(object == null) || (!fieldName.isEmpty())
INV-0110	dubbo	org.apache.dubbo.common.utils.FieldUtils	getFieldValue	java.lang.Object, java.lang.String	EXIT	object != null || result == null
INV-0111	dubbo	org.apache.dubbo.common.utils.FieldUtils	getFieldValue	java.lang.Object, java.lang.String	ENTRY	"""a"".equals(fieldName) || ""b"".equals(fieldName)"
INV-0112	dubbo	org.apache.dubbo.common.utils.FieldUtils	getFieldValue	java.lang.Object, java.lang.String	ENTRY	fieldName != null
INV-0113	spring	org.springframework.core.convert.support.StringToArrayConverter	matches	org.springframework.core.convert.TypeDescriptor, org.springframework.core.convert.TypeDescriptor	EXIT	!result || targetType.getElementTypeDescriptor() != null
INV-0114	spring	org.springframework.core.convert.support.StringToArrayConverter	matches	org.springframework.core.convert.TypeDescriptor, org.springframework.core.convert.TypeDescriptor	ENTRY	targetType.getElementTypeDescriptor() != null
INV-0115	spring	org.springframework.core.convert.support.StringToArrayConverter	matches	org.springframework.core.convert.TypeDescriptor, org.springframework.core.convert.TypeDescriptor	EXIT	result || (this.conversionService.getClass() == org.springframework.core.convert.support.GenericConversionService.class)
INV-0116	spring	org.springframework.core.convert.support.StringToArrayConverter	matches	org.springframework.core.convert.TypeDescriptor, org.springframework.core.convert.TypeDescriptor	ENTRY	targetType != null
INV-0117	spring	org.springframework.core.convert.support.StringToArrayConverter	matches	org.springframework.core.convert.TypeDescriptor, org.springframework.core.convert.TypeDescriptor	EXIT	result == false
INV-0118	spring	org.springframework.core.convert.support.StringToArrayConverter	matches	org.springframework.core.convert.TypeDescriptor, org.springframework.core.convert.TypeDescriptor	ENTRY	sourceType != null
INV-0119	spring	org.springframework.core.convert.support.StringToArrayConverter	matches	org.springframework.core.convert.TypeDescriptor, org.springframework.core.convert.TypeDescriptor	EXIT	result == true
INV-0120	spring	org.springframework.core.convert.support.StringToArrayConverter	matches	org.springframework.core.convert.TypeDescriptor, org.springframework.core.convert.TypeDescriptor	EXIT	this.conversionService.getClass() == org.springframework.core.convert.support.GenericConversionService.class
INV-0121	hudi	org.apache.hudi.table.action.commit.BaseJavaCommitActionExecutor	getPartitionToReplacedFileIds	org.apache.hudi.table.action.HoodieWriteMetadata	EXIT	result.isEmpty()
INV-0122	hudi	org.apache.hudi.table.action.commit.BaseJavaCommitActionExecutor	getPartitionToReplacedFileIds	org.apache.hudi.table.action.HoodieWriteMetadata	ENTRY	writeMetadata != null
INV-0123	hudi	org.apache.hudi.table.action.commit.BaseJavaCommitActionExecutor	getPartitionToReplacedFileIds	org.apache.hudi.table.action.HoodieWriteMetadata	EXIT	!org.apache.hudi.table.action.commit.BaseJavaCommitActionExecutor.log.getClass().getName().equals(this.getClass().getName())
INV-0124	hudi	org.apache.hudi.table.action.commit.BaseJavaCommitActionExecutor	getPartitionToReplacedFileIds	org.apache.hudi.table.action.HoodieWriteMetadata	EXIT	result != null
INV-0125	hudi	org.apache.hudi.table.action.commit.BaseJavaCommitActionExecutor	getPartitionToReplacedFileIds	org.apache.hudi.table.action.HoodieWriteMetadata	EXIT	!this.context.getClass().getName().equals(this.getClass().getName())
INV-0126	hudi	org.apache.hudi.table.action.commit.BaseJavaCommitActionExecutor	getPartitionToReplacedFileIds	org.apache.hudi.table.action.HoodieWriteMetadata	EXIT	!this.instantFileNameGenerator.getClass().getName().equals(this.getClass().getName())
INV-0127	hudi	org.apache.hudi.table.action.commit.BaseJavaCommitActionExecutor	getPartitionToReplacedFileIds	org.apache.hudi.table.action.HoodieWriteMetadata	EXIT	!this.instantFileNameGenerator.getClass().getName().equals(result.getClass().getName())
INV-0128	hudi	org.apache.hudi.table.action.commit.BaseJavaCommitActionExecutor	getPartitionToReplacedFileIds	org.apache.hudi.table.action.HoodieWriteMetadata	EXIT	result.keySet().isEmpty()
INV-0129	hudi	org.apache.hudi.table.action.commit.BaseJavaCommitActionExecutor	getPartitionToReplacedFileIds	org.apache.hudi.table.action.HoodieWriteMetadata	ENTRY	writeMetadata.getWriteStatuses() != null
INV-0130	hudi	org.apache.hudi.table.action.commit.BaseJavaCommitActionExecutor	getPartitionToReplacedFileIds	org.apache.hudi.table.action.HoodieWriteMetadata	EXIT	!this.instantGenerator.getClass().getName().equals(this.getClass().getName())
INV-0131	hudi	org.apache.hudi.table.action.commit.BaseJavaCommitActionExecutor	getPartitionToReplacedFileIds	org.apache.hudi.table.action.HoodieWriteMetadata	EXIT	!result.containsKey(null)
INV-0132	hudi	org.apache.hudi.table.action.commit.BaseJavaCommitActionExecutor	getPartitionToReplacedFileIds	org.apache.hudi.table.action.HoodieWriteMetadata	EXIT	!this.table.getClass().getName().equals(result.getClass().getName())
INV-0133	libgdx	com.badlogic.gdx.utils.CharArray	incr	int, char	ENTRY	value <= Character.MAX_VALUE
INV-0134	libgdx	com.badlogic.gdx.utils.CharArray	incr	int, char	ENTRY	index >= 0
INV-0135	libgdx	com.badlogic.gdx.utils.CharArray	incr	int, char	ENTRY	value >= 0
INV-0136	libgdx	com.badlogic.gdx.utils.CharArray	incr	int, char	EXIT	com.badlogic.gdx.utils.CharArray.FALSE_STRING_SIZE == this.size
INV-0137	libgdx	com.badlogic.gdx.utils.CharArray	incr	int, char	ENTRY	value == 1
INV-0138	libgdx	com.badlogic.gdx.utils.CharArray	incr	int, char	EXIT	this.ordered == true
INV-0139	libgdx	com.badlogic.gdx.utils.CharArray	substring	int, int	ENTRY	start >= 0
INV-0140	libgdx	com.badlogic.gdx.utils.CharArray	substring	int, int	ENTRY	end >= start
INV-0141	libgdx	com.badlogic.gdx.utils.CharArray	substring	int, int	EXIT	this.size == 4 || this.size == 12
INV-0142	libgdx	com.badlogic.gdx.utils.CharArray	substring	int, int	EXIT	result.length() == end - start
INV-0143	libgdx	com.badlogic.gdx.utils.CharArray	substring	int, int	EXIT	this.ordered == true
INV-0144	libgdx	com.badlogic.gdx.utils.CharArray	substring	int, int	ENTRY	java.util.Arrays.equals(this.items, new char[] {72, 101, 108, 108, 111, 32, 87, 111, 114, 108, 100, 33, 0, 0, 0, 0, 0, 0, 0, 0, 0, 0, 0, 0, 0, 0, 0, 0}) || java.util.Arrays.equals(this.items, new char[] {105, 72, 55357, 56832, 0, 0, 0, 0, 0, 0, 0, 0, 0, 0, 0, 0})
INV-0145	libgdx	com.badlogic.gdx.utils.CharArray	substring	int, int	ENTRY	start == 0 || start == 6
INV-0146	libgdx	com.badlogic.gdx.utils.CharArray	substring	int, int	EXIT	start >= 0 && end >= start && result != null
INV-0147	dubbo	org.apache.dubbo.common.utils.ArrayUtils	isEmpty	java.lang.Object[]	ENTRY	array.length == 0
INV-0148	dubbo	org.apache.dubbo.common.utils.ArrayUtils	isEmpty	java.lang.Object[]	EXIT	result == (array == null || array.length == 0)
INV-0149	dubbo	org.apache.dubbo.common.utils.ArrayUtils	isEmpty	java.lang.Object[]	ENTRY	array == null || array.length == 0 || array.length > 0
INV-0150	dubbo	org.apache.dubbo.common.utils.ArrayUtils	isEmpty	java.lang.Object[]	EXIT	!result || array == null || array.length == 0
INV-0151	dubbo	org.apache.dubbo.common.utils.ArrayUtils	isEmpty	java.lang.Object[]	EXIT	array.length == 0
INV-0152	dubbo	org.apache.dubbo.common.utils.ArrayUtils	isEmpty	java.lang.Object[]	EXIT	result == true
INV-0153	netty	io.netty.util.Signal	fillInStackTrace		EXIT	this.constant == null
INV-0154	netty	io.netty.util.Signal	fillInStackTrace		ENTRY	this.constant == null
INV-0155	netty	io.netty.util.Signal	fillInStackTrace		EXIT	result.getCause() == null
INV-0156	netty	io.netty.util.Signal	fillInStackTrace		EXIT	result.getStackTrace().length == 0
INV-0157	libgdx	com.badlogic.gdx.utils.JsonValue	getString	java.lang.String, java.lang.String	ENTRY	"""class"".equals(name)"
INV-0158	libgdx	com.badlogic.gdx.utils.JsonValue	getString	java.lang.String, java.lang.String	ENTRY	this.parent == this.prev
INV-0159	libgdx	com.badlogic.gdx.utils.JsonValue	getString	java.lang.String, java.lang.String	EXIT	"""class"".equals(name)"
INV-0160	libgdx	com.badlogic.gdx.utils.JsonValue	getString	java.lang.String, java.lang.String	ENTRY	name.trim().length() > 0
INV-0161	libgdx	com.badlogic.gdx.utils.JsonValue	getString	java.lang.String, java.lang.String	EXIT	defaultValue == null || result != null
INV-0162	libgdx	com.badlogic.gdx.utils.JsonValue	getString	java.lang.String, java.lang.String	ENTRY	this.longValue == 0
INV-0163	libgdx	com.badlogic.gdx.utils.JsonValue	getString	java.lang.String, java.lang.String	ENTRY	defaultValue == null || defaultValue.length() >= 0
INV-0164	libgdx	com.badlogic.gdx.utils.JsonValue	getString	java.lang.String, java.lang.String	ENTRY	name != null
INV-0165	libgdx	com.badlogic.gdx.utils.JsonValue	getString	java.lang.String, java.lang.String	ENTRY	this.parent == this.next
INV-0166	libgdx	com.badlogic.gdx.utils.JsonValue	getString	java.lang.String, java.lang.String	EXIT	this.doubleValue == 0.0
INV-0167	libgdx	com.badlogic.gdx.utils.JsonValue	getString	java.lang.String, java.lang.String	EXIT	result == defaultValue || (result != null && !result.isEmpty())
INV-0168	libgdx	com.badlogic.gdx.utils.JsonValue	getString	java.lang.String, java.lang.String	ENTRY	this.size == 2
INV-0169	libgdx	com.badlogic.gdx.utils.JsonValue	getString	java.lang.String, java.lang.String	EXIT	(result == defaultValue) || (result != null && !result.isEmpty())
INV-0170	libgdx	com.badlogic.gdx.utils.JsonValue	getString	java.lang.String, java.lang.String	EXIT	result == null
INV-0171	libgdx	com.badlogic.gdx.utils.JsonValue	getString	java.lang.String, java.lang.String	ENTRY	defaultValue == null || true
INV-0172	libgdx	com.badlogic.gdx.utils.JsonValue	getString	java.lang.String, java.lang.String	ENTRY	!name.isEmpty()
INV-0173	dubbo	org.apache.dubbo.common.compiler.support.ClassUtils	getSize	java.lang.Object	EXIT	result == 0 || result > 0 || result == -1
INV-0174	dubbo	org.apache.dubbo.common.compiler.support.ClassUtils	getSize	java.lang.Object	EXIT	result == 1
INV-0175	hudi	org.apache.hudi.table.HoodieJavaMergeOnReadTable	scheduleCompaction	org.apache.hudi.common.engine.HoodieEngineContext, java.lang.String, org.apache.hudi.common.util.Option	ENTRY	this.index == null
INV-0176	hudi	org.apache.hudi.table.HoodieJavaMergeOnReadTable	scheduleCompaction	org.apache.hudi.common.engine.HoodieEngineContext, java.lang.String, org.apache.hudi.common.util.Option	ENTRY	extraMetadata != null
INV-0177	hudi	org.apache.hudi.table.HoodieJavaMergeOnReadTable	scheduleCompaction	org.apache.hudi.common.engine.HoodieEngineContext, java.lang.String, org.apache.hudi.common.util.Option	ENTRY	(!extraMetadata.isPresent() || extraMetadata.get() != null)
INV-0178	hudi	org.apache.hudi.table.HoodieJavaMergeOnReadTable	scheduleCompaction	org.apache.hudi.common.engine.HoodieEngineContext, java.lang.String, org.apache.hudi.common.util.Option	ENTRY	context != null
INV-0179	hudi	org.apache.hudi.table.HoodieJavaMergeOnReadTable	scheduleCompaction	org.apache.hudi.common.engine.HoodieEngineContext, java.lang.String, org.apache.hudi.common.util.Option	EXIT	!result.isPresent() || result.get() != null
INV-0180	hudi	org.apache.hudi.table.HoodieJavaMergeOnReadTable	scheduleCompaction	org.apache.hudi.common.engine.HoodieEngineContext, java.lang.String, org.apache.hudi.common.util.Option	ENTRY	this.context.getClass().getName().equals(context.getClass().getName())
INV-0181	hudi	org.apache.hudi.table.HoodieJavaMergeOnReadTable	scheduleCompaction	org.apache.hudi.common.engine.HoodieEngineContext, java.lang.String, org.apache.hudi.common.util.Option	ENTRY	extraMetadata != null
INV-0182	hudi	org.apache.hudi.table.HoodieJavaMergeOnReadTable	scheduleCompaction	org.apache.hudi.common.engine.HoodieEngineContext, java.lang.String, org.apache.hudi.common.util.Option	EXIT	this.storageLayout == null
INV-0183	hudi	org.apache.hudi.table.HoodieJavaMergeOnReadTable	scheduleCompaction	org.apache.hudi.common.engine.HoodieEngineContext, java.lang.String, org.apache.hudi.common.util.Option	EXIT	result != null
INV-0184	hudi	org.apache.hudi.table.HoodieJavaMergeOnReadTable	scheduleCompaction	org.apache.hudi.common.engine.HoodieEngineContext, java.lang.String, org.apache.hudi.common.util.Option	EXIT	this.isMetadataTableExists == false
INV-0185	hudi	org.apache.hudi.table.HoodieJavaMergeOnReadTable	scheduleCompaction	org.apache.hudi.common.engine.HoodieEngineContext, java.lang.String, org.apache.hudi.common.util.Option	ENTRY	instantTime != null && !instantTime.isEmpty()
INV-0186	hudi	org.apache.hudi.table.HoodieJavaMergeOnReadTable	scheduleCompaction	org.apache.hudi.common.engine.HoodieEngineContext, java.lang.String, org.apache.hudi.common.util.Option	EXIT	result.isPresent() || !result.isPresent()
INV-0187	hudi	org.apache.hudi.table.HoodieJavaMergeOnReadTable	scheduleCompaction	org.apache.hudi.common.engine.HoodieEngineContext, java.lang.String, org.apache.hudi.common.util.Option	ENTRY	this.metadata == null
INV-0188	hudi	org.apache.hudi.table.HoodieJavaMergeOnReadTable	scheduleCompaction	org.apache.hudi.common.engine.HoodieEngineContext, java.lang.String, org.apache.hudi.common.util.Option	EXIT	result != null
INV-0189	hudi	org.apache.hudi.table.HoodieJavaTable	create	org.apache.hudi.config.HoodieWriteConfig, org.apache.hudi.common.engine.HoodieEngineContext	ENTRY	config != null
INV-0190	hudi	org.apache.hudi.table.HoodieJavaTable	create	org.apache.hudi.config.HoodieWriteConfig, org.apache.hudi.common.engine.HoodieEngineContext	ENTRY	context != null
INV-0191	hudi	org.apache.hudi.table.HoodieJavaTable	create	org.apache.hudi.config.HoodieWriteConfig, org.apache.hudi.common.engine.HoodieEngineContext	EXIT	result != null
INV-0192	hudi	org.apache.hudi.table.HoodieJavaTable	create	org.apache.hudi.config.HoodieWriteConfig, org.apache.hudi.common.engine.HoodieEngineContext	EXIT	result != null
INV-0193	hudi	org.apache.hudi.table.HoodieJavaTable	create	org.apache.hudi.config.HoodieWriteConfig, org.apache.hudi.common.engine.HoodieEngineContext	ENTRY	context != null
INV-0194	hudi	org.apache.hudi.table.HoodieJavaTable	create	org.apache.hudi.config.HoodieWriteConfig, org.apache.hudi.common.engine.HoodieEngineContext	ENTRY	config.getConsistencyGuardConfig() != null
INV-0195	hudi	org.apache.hudi.table.HoodieJavaTable	create	org.apache.hudi.config.HoodieWriteConfig, org.apache.hudi.common.engine.HoodieEngineContext	ENTRY	config != null
INV-0196	hudi	org.apache.hudi.table.HoodieJavaTable	create	org.apache.hudi.config.HoodieWriteConfig, org.apache.hudi.common.engine.HoodieEngineContext	ENTRY	context.getClass() == org.apache.hudi.client.common.HoodieJavaEngineContext.class
INV-0197	spring	org.springframework.core.convert.support.StreamConverter	convertToStream	java.lang.Object, org.springframework.core.convert.TypeDescriptor, org.springframework.core.convert.TypeDescriptor	EXIT	"result.getClass().getName().equals(""java.util.stream.ReferencePipeline$Head"")"
INV-0198	spring	org.springframework.core.convert.support.StreamConverter	convertToStream	java.lang.Object, org.springframework.core.convert.TypeDescriptor, org.springframework.core.convert.TypeDescriptor	EXIT	result != null
INV-0199	netty	io.netty.util.NetUtil	toAddressString	byte[], int, boolean	ENTRY	bytes != null
INV-0200	netty	io.netty.util.NetUtil	toAddressString	byte[], int, boolean	ENTRY	offset == 0
INV-0201	netty	io.netty.util.NetUtil	toAddressString	byte[], int, boolean	ENTRY	java.util.stream.IntStream.range(0, bytes.length).anyMatch(i -> bytes[i] == offset)
INV-0202	netty	io.netty.util.NetUtil	toAddressString	byte[], int, boolean	ENTRY	offset >= 0
INV-0203	netty	io.netty.util.NetUtil	toAddressString	byte[], int, boolean	EXIT	result != null
INV-0204	netty	io.netty.util.NetUtil	toAddressString	byte[], int, boolean	EXIT	java.util.stream.IntStream.range(0, bytes.length).allMatch(i -> bytes[i] < io.netty.util.NetUtil.SOMAXCONN)
INV-0205	netty	io.netty.util.NetUtil	toAddressString	byte[], int, boolean	ENTRY	java.util.stream.IntStream.range(0, bytes.length).allMatch(i -> bytes[i] < io.netty.util.NetUtil.SOMAXCONN)
INV-0206	netty	io.netty.util.NetUtil	toAddressString	byte[], int, boolean	ENTRY	ipv4Mapped == true || ipv4Mapped == false
INV-0207	apollo	com.ctrip.framework.apollo.biz.registry.configuration.support.ApolloServiceDiscoveryProperties	getHealthCheckIntervalInSecond		EXIT	result >= 0L
INV-0208	apollo	com.ctrip.framework.apollo.biz.registry.configuration.support.ApolloServiceDiscoveryProperties	getHealthCheckIntervalInSecond		EXIT	this.healthCheckIntervalInSecond == result
INV-0209	spring	org.springframework.core.convert.support.StringToPropertiesConverter	convert	java.lang.String	ENTRY	"""   foo=bar\n    bar=baz\n     baz=boo"".equals(source) || ""a=b\nc=2\nd="".equals(source)"
INV-0210	spring	org.springframework.core.convert.support.StringToPropertiesConverter	convert	java.lang.String	EXIT	result.isEmpty() == (source.isEmpty())
INV-0211	spring	org.springframework.core.convert.support.StringToPropertiesConverter	convert	java.lang.String	EXIT	"""   foo=bar\n    bar=baz\n     baz=boo"".equals(source) || ""a=b\nc=2\nd="".equals(source)"
INV-0212	spring	org.springframework.core.convert.support.StringToPropertiesConverter	convert	java.lang.String	EXIT	result != null
INV-0213	netty	io.netty.util.DomainNameMapping	needsNormalization	java.lang.String	EXIT	result == false
INV-0214	netty	io.netty.util.DomainNameMapping	needsNormalization	java.lang.String	EXIT	!result || hostname.length() > 0
INV-0215	hudi	org.apache.hudi.table.action.commit.BaseJavaCommitActionExecutor	updateIndex	java.util.List, org.apache.hudi.table.action.HoodieWriteMetadata	EXIT	writeStatuses.stream().allMatch(element -> element != null)
INV-0216	hudi	org.apache.hudi.table.action.commit.BaseJavaCommitActionExecutor	updateIndex	java.util.List, org.apache.hudi.table.action.HoodieWriteMetadata	ENTRY	writeStatuses != null
INV-0217	hudi	org.apache.hudi.table.action.commit.BaseJavaCommitActionExecutor	updateIndex	java.util.List, org.apache.hudi.table.action.HoodieWriteMetadata	EXIT	result != null
INV-0218	hudi	org.apache.hudi.table.action.commit.BaseJavaCommitActionExecutor	updateIndex	java.util.List, org.apache.hudi.table.action.HoodieWriteMetadata	ENTRY	result.getWriteStatuses() == null
INV-0219	hudi	org.apache.hudi.table.action.commit.BaseJavaCommitActionExecutor	updateIndex	java.util.List, org.apache.hudi.table.action.HoodieWriteMetadata	ENTRY	!this.instantGenerator.getClass().getName().equals(writeStatuses.getClass().getName())
INV-0220	hudi	org.apache.hudi.table.action.commit.BaseJavaCommitActionExecutor	updateIndex	java.util.List, org.apache.hudi.table.action.HoodieWriteMetadata	EXIT	!this.instantFileNameGenerator.getClass().getName().equals(result.getClass().getName())
INV-0221	hudi	org.apache.hudi.table.action.commit.BaseJavaCommitActionExecutor	updateIndex	java.util.List, org.apache.hudi.table.action.HoodieWriteMetadata	ENTRY	(!writeStatuses.isEmpty() || writeStatuses.isEmpty())
INV-0222	hudi	org.apache.hudi.table.action.commit.BaseJavaCommitActionExecutor	updateIndex	java.util.List, org.apache.hudi.table.action.HoodieWriteMetadata	ENTRY	writeStatuses.size() >= 0
INV-0223	hudi	org.apache.hudi.table.action.commit.BaseJavaCommitActionExecutor	updateIndex	java.util.List, org.apache.hudi.table.action.HoodieWriteMetadata	EXIT	!this.pendingInflightAndRequestedInstants.getClass().getName().equals(result.getClass().getName())
INV-0224	hudi	org.apache.hudi.table.action.commit.BaseJavaCommitActionExecutor	updateIndex	java.util.List, org.apache.hudi.table.action.HoodieWriteMetadata	ENTRY	!this.taskContextSupplier.getClass().getName().equals(writeStatuses.getClass().getName())
INV-0225	hudi	org.apache.hudi.table.action.commit.BaseJavaCommitActionExecutor	updateIndex	java.util.List, org.apache.hudi.table.action.HoodieWriteMetadata	ENTRY	result != null
INV-0226	hudi	org.apache.hudi.table.action.commit.BaseJavaCommitActionExecutor	updateIndex	java.util.List, org.apache.hudi.table.action.HoodieWriteMetadata	EXIT	writeStatuses.size() == result.size() && java.util.stream.IntStream.range(0, writeStatuses.size()).allMatch(i -> writeStatuses.get(i) == result.get(i))
INV-0227	libgdx	com.badlogic.gdx.utils.CharArray	append	char[]	ENTRY	ch == null || ch.length >= 0
INV-0228	libgdx	com.badlogic.gdx.utils.CharArray	append	char[]	EXIT	ch == null || result.items != null
INV-0229	libgdx	com.badlogic.gdx.utils.CharArray	append	char[]	ENTRY	ch == null || ch.getClass().isArray()
INV-0230	libgdx	com.badlogic.gdx.utils.CharArray	append	char[]	ENTRY	ch == null || ch.length == (ch.length)
INV-0231	libgdx	com.badlogic.gdx.utils.CharArray	append	char[]	ENTRY	java.util.Arrays.equals(this.items, new char[] {0, 0, 0, 0, 0, 0, 0, 0, 0, 0, 0, 0, 0, 0, 0, 0}) || java.util.Arrays.equals(this.items, new char[] {84, 101, 115, 116, 32, 0, 0, 0, 0, 0, 0, 0, 0, 0, 0, 0})
INV-0232	libgdx	com.badlogic.gdx.utils.CharArray	append	char[]	EXIT	(ch == null) || (ch.length == 0) || (result.size >= ch.length)
INV-0233	libgdx	com.badlogic.gdx.utils.CharArray	append	char[]	ENTRY	java.util.Arrays.equals(ch, new char[] {49, 50, 51}) || java.util.Arrays.equals(ch, new char[] {55357, 56832})
INV-0234	libgdx	com.badlogic.gdx.utils.CharArray	append	char[]	EXIT	java.util.Arrays.equals(this.items, new char[] {84, 101, 115, 116, 32, 49, 50, 51, 0, 0, 0, 0, 0, 0, 0, 0}) || java.util.Arrays.equals(this.items, new char[] {55357, 56832, 0, 0, 0, 0, 0, 0, 0, 0, 0, 0, 0, 0, 0, 0})
INV-0235	libgdx	com.badlogic.gdx.utils.CharArray	append	char[]	EXIT	ch != null || result != null
INV-0236	libgdx	com.badlogic.gdx.utils.CharArray	append	char[]	ENTRY	this.ordered == true
INV-0237	libgdx	com.badlogic.gdx.utils.CharArray	append	char[]	EXIT	result == this
INV-0238	libgdx	com.badlogic.gdx.utils.CharArray	append	char[]	EXIT	this.size == 2 || this.size == 8
INV-0239	apollo	com.ctrip.framework.apollo.biz.service.ItemService	getItemInfoBySearch	java.lang.String, java.lang.String, org.springframework.data.domain.Pageable	EXIT	"this.itemRepository.getClass().getName().equals(""jdk.proxy2.$Proxy258"")"
INV-0240	apollo	com.ctrip.framework.apollo.biz.service.ItemService	getItemInfoBySearch	java.lang.String, java.lang.String, org.springframework.data.domain.Pageable	ENTRY	"this.itemRepository.getClass().getName().equals(""jdk.proxy2.$Proxy258"")"
INV-0241	apollo	com.ctrip.framework.apollo.biz.service.ItemService	getItemInfoBySearch	java.lang.String, java.lang.String, org.springframework.data.domain.Pageable	ENTRY	limit != null
INV-0242	apollo	com.ctrip.framework.apollo.biz.service.ItemService	getItemInfoBySearch	java.lang.String, java.lang.String, org.springframework.data.domain.Pageable	EXIT	(key.isEmpty() || !value.isEmpty() || !result.isEmpty())
INV-0243	apollo	com.ctrip.framework.apollo.biz.service.ItemService	getItemInfoBySearch	java.lang.String, java.lang.String, org.springframework.data.domain.Pageable	ENTRY	key != null
INV-0244	apollo	com.ctrip.framework.apollo.biz.service.ItemService	getItemInfoBySearch	java.lang.String, java.lang.String, org.springframework.data.domain.Pageable	ENTRY	!(key.isEmpty() && value.isEmpty())
INV-0245	apollo	com.ctrip.framework.apollo.biz.service.ItemService	getItemInfoBySearch	java.lang.String, java.lang.String, org.springframework.data.domain.Pageable	ENTRY	""""".equals(value) || ""v1"".equals(value)"
INV-0246	apollo	com.ctrip.framework.apollo.biz.service.ItemService	getItemInfoBySearch	java.lang.String, java.lang.String, org.springframework.data.domain.Pageable	EXIT	""""".equals(value) || ""v1"".equals(value)"
INV-0247	apollo	com.ctrip.framework.apollo.biz.service.ItemService	getItemInfoBySearch	java.lang.String, java.lang.String, org.springframework.data.domain.Pageable	ENTRY	""""".equals(key) || ""k1"".equals(key)"
INV-0248	apollo	com.ctrip.framework.apollo.biz.service.ItemService	getItemInfoBySearch	java.lang.String, java.lang.String, org.springframework.data.domain.Pageable	ENTRY	(key.isEmpty() && !value.isEmpty()) || (!key.isEmpty() && value.isEmpty()) || (!key.isEmpty() && !value.isEmpty())
INV-0249	apollo	com.ctrip.framework.apollo.biz.service.ItemService	getItemInfoBySearch	java.lang.String, java.lang.String, org.springframework.data.domain.Pageable	EXIT	(result.getSize() == limit.getPageSize())
INV-0250	apollo	com.ctrip.framework.apollo.biz.service.ItemService	getItemInfoBySearch	java.lang.String, java.lang.String, org.springframework.data.domain.Pageable	EXIT	result.getClass() == org.springframework.data.domain.PageImpl.class
INV-0251	apollo	com.ctrip.framework.apollo.biz.service.ItemService	getItemInfoBySearch	java.lang.String, java.lang.String, org.springframework.data.domain.Pageable	EXIT	""""".equals(key) || ""k1"".equals(key)"
INV-0252	apollo	com.ctrip.framework.apollo.biz.service.ItemService	getItemInfoBySearch	java.lang.String, java.lang.String, org.springframework.data.domain.Pageable	ENTRY	value != null
INV-0253	dubbo	org.apache.dubbo.common.io.UnsafeByteArrayOutputStream	toString		ENTRY	this.mCount == 3
INV-0254	dubbo	org.apache.dubbo.common.io.UnsafeByteArrayOutputStream	toString		EXIT	result != null
INV-0255	apollo	com.ctrip.framework.apollo.biz.entity.Item	setLineNum	java.lang.Integer	ENTRY	this.key != null
INV-0256	apollo	com.ctrip.framework.apollo.biz.entity.Item	setLineNum	java.lang.Integer	ENTRY	this.dataChangeCreatedBy == null
INV-0257	apollo	com.ctrip.framework.apollo.biz.entity.Item	setLineNum	java.lang.Integer	EXIT	lineNum == null || lineNum.intValue() >= 0
INV-0258	apollo	com.ctrip.framework.apollo.biz.entity.Item	setLineNum	java.lang.Integer	EXIT	lineNum == null || lineNum.compareTo(0) >= 0
INV-0259	apollo	com.ctrip.framework.apollo.biz.entity.Item	setLineNum	java.lang.Integer	ENTRY	this.namespaceId == 0 || this.namespaceId == 1
INV-0260	apollo	com.ctrip.framework.apollo.biz.entity.Item	setLineNum	java.lang.Integer	ENTRY	lineNum == null || lineNum.intValue() >= 0
INV-0261	netty	io.netty.util.AsciiStringUtil	toLowerCase	io.netty.util.AsciiString	EXIT	result.length() == string.length()
INV-0262	netty	io.netty.util.AsciiStringUtil	toLowerCase	io.netty.util.AsciiString	EXIT	java.util.Arrays.equals(string.array(), new byte[] {84, 104, 105, 115, 32, 105, 115, 32, 97, 32, 116, 101, 115, 84}) || java.util.Arrays.equals(string.array(), new byte[] {84, 104, 105, 115, 32, 105, 115, 32, 97, 32, 116, 101, 115, 116, 32, 102, 111, 114, 32, 108, 111, 110, 103, 101, 114, 32, 115, 101, 113, 117, 101, 110, 99, 101, 115}) || java.util.Arrays.equals(string.array(), new byte[] {84, 104, 105, 115, 32, 105, 115, 32, 97, 32, 116, 101, 115, 116, 33})
INV-0263	netty	io.netty.util.AsciiStringUtil	toLowerCase	io.netty.util.AsciiString	EXIT	"io.netty.util.AsciiString.CASE_SENSITIVE_HASHER.getClass().getName().equals(""io.netty.util.AsciiString$2"")"
INV-0264	netty	io.netty.util.AsciiStringUtil	toLowerCase	io.netty.util.AsciiString	ENTRY	"io.netty.util.AsciiString.CASE_SENSITIVE_HASHER.getClass().getName().equals(""io.netty.util.AsciiString$2"")"
INV-0265	netty	io.netty.util.AsciiStringUtil	toLowerCase	io.netty.util.AsciiString	EXIT	io.netty.util.AsciiString.EMPTY_STRING.array().length == 0
INV-0266	netty	io.netty.util.AsciiStringUtil	toLowerCase	io.netty.util.AsciiString	ENTRY	string != null
INV-0267	netty	io.netty.util.AsciiStringUtil	toLowerCase	io.netty.util.AsciiString	EXIT	io.netty.util.AsciiString.EMPTY_STRING.arrayOffset() == 0
INV-0268	netty	io.netty.util.AsciiStringUtil	toLowerCase	io.netty.util.AsciiString	ENTRY	io.netty.util.AsciiString.EMPTY_STRING.array().length == 0
INV-0269	netty	io.netty.util.AsciiStringUtil	toLowerCase	io.netty.util.AsciiString	EXIT	result != null && string != null
INV-0270	netty	io.netty.util.AsciiStringUtil	toLowerCase	io.netty.util.AsciiString	EXIT	result.toString().equals(string.toString().toLowerCase())
INV-0271	netty	io.netty.util.AsciiStringUtil	toLowerCase	io.netty.util.AsciiString	ENTRY	string.arrayOffset() + string.length() <= string.array().length
INV-0272	netty	io.netty.util.AsciiStringUtil	toLowerCase	io.netty.util.AsciiString	ENTRY	"io.netty.util.AsciiString.CASE_INSENSITIVE_HASHER.getClass().getName().equals(""io.netty.util.AsciiString$1"")"
INV-0273	netty	io.netty.util.AsciiStringUtil	toLowerCase	io.netty.util.AsciiString	EXIT	io.netty.util.AsciiString.EMPTY_STRING.arrayOffset() == string.arrayOffset()
INV-0274	netty	io.netty.util.AsciiStringUtil	toLowerCase	io.netty.util.AsciiString	ENTRY	string.length() >= 0
INV-0275	netty	io.netty.util.AsciiStringUtil	toLowerCase	io.netty.util.AsciiString	ENTRY	string.array() != null
INV-0276	netty	io.netty.util.AsciiStringUtil	toLowerCase	io.netty.util.AsciiString	ENTRY	string.arrayOffset() >= 0
INV-0277	spring	org.springframework.core.convert.ConversionService	convert	java.lang.Object, org.springframework.core.convert.TypeDescriptor	EXIT	(source == null && result == null) || (source != null)
INV-0278	spring	org.springframework.core.convert.ConversionService	convert	java.lang.Object, org.springframework.core.convert.TypeDescriptor	ENTRY	(source == null) || source.getClass() != null
INV-0279	spring	org.springframework.core.convert.ConversionService	convert	java.lang.Object, org.springframework.core.convert.TypeDescriptor	ENTRY	targetType != null
INV-0280	spring	org.springframework.core.convert.ConversionService	convert	java.lang.Object, org.springframework.core.convert.TypeDescriptor	ENTRY	targetType != null
INV-0281	spring	org.springframework.core.convert.ConversionService	convert	java.lang.Object, org.springframework.core.convert.TypeDescriptor	ENTRY	!this.getClass().getName().equals(source.getClass().getName())
INV-0282	spring	org.springframework.core.convert.ConversionService	convert	java.lang.Object, org.springframework.core.convert.TypeDescriptor	ENTRY	!((source != null) && (targetType.getObjectType() == null))
INV-0283	spring	org.springframework.core.convert.ConversionService	convert	java.lang.Object, org.springframework.core.convert.TypeDescriptor	ENTRY	source != null
INV-0284	spring	org.springframework.core.convert.ConversionService	convert	java.lang.Object, org.springframework.core.convert.TypeDescriptor	EXIT	result != null
INV-0285	netty	io.netty.util.internal.ReflectionUtil	resolveTypeParameter	java.lang.Object, java.lang.Class, java.lang.String	ENTRY	"typeParamName.toString().equals(""B"") || typeParamName.toString().equals(""C"") || typeParamName.toString().equals(""E"")"
INV-0286	netty	io.netty.util.internal.ReflectionUtil	resolveTypeParameter	java.lang.Object, java.lang.Class, java.lang.String	ENTRY	parametrizedSuperclass.isAssignableFrom(object.getClass())
INV-0287	apollo	com.ctrip.framework.apollo.biz.service.InstanceService	findActiveInstanceConfigsByReleaseKey	java.lang.String, org.springframework.data.domain.Pageable	ENTRY	pageable.getPageSize() > 0
INV-0288	apollo	com.ctrip.framework.apollo.biz.service.InstanceService	findActiveInstanceConfigsByReleaseKey	java.lang.String, org.springframework.data.domain.Pageable	EXIT	result.getClass() == org.springframework.data.domain.PageImpl.class
INV-0289	apollo	com.ctrip.framework.apollo.biz.service.InstanceService	findActiveInstanceConfigsByReleaseKey	java.lang.String, org.springframework.data.domain.Pageable	ENTRY	pageable.getPageNumber() >= 0
INV-0290	apollo	com.ctrip.framework.apollo.biz.service.InstanceService	findActiveInstanceConfigsByReleaseKey	java.lang.String, org.springframework.data.domain.Pageable	ENTRY	"releaseKey.toString().equals(""someReleaseKey"")"
INV-0291	apollo	com.ctrip.framework.apollo.biz.service.InstanceService	findActiveInstanceConfigsByReleaseKey	java.lang.String, org.springframework.data.domain.Pageable	ENTRY	releaseKey != null
INV-0292	apollo	com.ctrip.framework.apollo.biz.service.InstanceService	findActiveInstanceConfigsByReleaseKey	java.lang.String, org.springframework.data.domain.Pageable	EXIT	result.getPageable().equals(pageable)
INV-0293	apollo	com.ctrip.framework.apollo.biz.service.InstanceService	findActiveInstanceConfigsByReleaseKey	java.lang.String, org.springframework.data.domain.Pageable	EXIT	"releaseKey.toString().equals(""someReleaseKey"")"
INV-0294	apollo	com.ctrip.framework.apollo.biz.service.InstanceService	findActiveInstanceConfigsByReleaseKey	java.lang.String, org.springframework.data.domain.Pageable	ENTRY	pageable.getClass() == org.springframework.data.domain.PageRequest.class
INV-0295	netty	io.netty.util.AsciiStringUtil	isLowerCase	byte	EXIT	result == true
INV-0296	netty	io.netty.util.AsciiStringUtil	isLowerCase	byte	EXIT	result == (value >= 97 && value <= 122)
INV-0297	netty	io.netty.util.AsciiStringUtil	isLowerCase	byte	EXIT	(result != false) || (io.netty.util.AsciiStringUtil.$assertionsDisabled == result)
INV-0298	netty	io.netty.util.AsciiStringUtil	isLowerCase	byte	ENTRY	value != 0
INV-0299	netty	io.netty.util.AsciiStringUtil	isLowerCase	byte	ENTRY	value >= 0
INV-0300	netty	io.netty.util.AsciiStringUtil	isLowerCase	byte	EXIT	io.netty.util.AsciiStringUtil.$assertionsDisabled == result
INV-0301	libgdx	com.badlogic.gdx.utils.LongQueue	equals	java.lang.Object	EXIT	(!(result == false)) || java.util.Arrays.stream(this.values).allMatch(element -> element == 0 || element == 1 || element == 2)
INV-0302	libgdx	com.badlogic.gdx.utils.LongQueue	equals	java.lang.Object	ENTRY	o != null
INV-0303	netty	io.netty.util.internal.ReflectionUtil	trySetAccessible	java.lang.reflect.AccessibleObject, boolean	EXIT	result == null
INV-0304	netty	io.netty.util.internal.ReflectionUtil	trySetAccessible	java.lang.reflect.AccessibleObject, boolean	ENTRY	checkAccessible == false || object != null
INV-0305	apollo	com.ctrip.framework.apollo.biz.entity.JpaMapFieldJsonConverter	convertToDatabaseColumn	java.util.Map	ENTRY	!com.ctrip.framework.apollo.biz.entity.JpaMapFieldJsonConverter.TYPE.getClass().getName().equals(attribute.getClass().getName())
INV-0306	apollo	com.ctrip.framework.apollo.biz.entity.JpaMapFieldJsonConverter	convertToDatabaseColumn	java.util.Map	EXIT	result != null
INV-0307	apollo	com.ctrip.framework.apollo.biz.entity.JpaMapFieldJsonConverter	convertToDatabaseColumn	java.util.Map	ENTRY	!com.ctrip.framework.apollo.biz.entity.JpaMapFieldJsonConverter.TYPE_TOKEN.getClass().getName().equals(attribute.getClass().getName())
INV-0308	apollo	com.ctrip.framework.apollo.biz.entity.JpaMapFieldJsonConverter	convertToDatabaseColumn	java.util.Map	EXIT	attribute == null || result.length() >= 2
INV-0309	apollo	com.ctrip.framework.apollo.biz.entity.JpaMapFieldJsonConverter	convertToDatabaseColumn	java.util.Map	EXIT	!result.isEmpty() || (attribute == null || attribute.isEmpty())
INV-0310	apollo	com.ctrip.framework.apollo.biz.entity.JpaMapFieldJsonConverter	convertToDatabaseColumn	java.util.Map	EXIT	"(attribute == null) || (!result.contains(""null""))"
INV-0311	libgdx	com.badlogic.gdx.utils.JsonReader	parse	char[], int, int	ENTRY	this.root == this.current
INV-0312	libgdx	com.badlogic.gdx.utils.JsonReader	parse	char[], int, int	ENTRY	data != null
INV-0313	libgdx	com.badlogic.gdx.utils.JsonReader	parse	char[], int, int	ENTRY	length >= offset
INV-0314	libgdx	com.badlogic.gdx.utils.JsonReader	parse	char[], int, int	ENTRY	data.length >= 0
INV-0315	libgdx	com.badlogic.gdx.utils.JsonReader	parse	char[], int, int	ENTRY	com.badlogic.gdx.utils.JsonReader.json_error == offset
INV-0316	libgdx	com.badlogic.gdx.utils.JsonReader	parse	char[], int, int	EXIT	this.root == this.current
INV-0317	libgdx	com.badlogic.gdx.utils.JsonReader	parse	char[], int, int	ENTRY	true
INV-0318	libgdx	com.badlogic.gdx.utils.JsonReader	parse	char[], int, int	ENTRY	length <= data.length
INV-0319	libgdx	com.badlogic.gdx.utils.JsonReader	parse	char[], int, int	EXIT	true
INV-0320	libgdx	com.badlogic.gdx.utils.JsonReader	parse	char[], int, int	ENTRY	offset >= 0
INV-0321	dubbo	org.apache.dubbo.common.utils.CollectionUtils	isEmptyMap	java.util.Map	EXIT	result || (map != null && !map.isEmpty())
INV-0322	dubbo	org.apache.dubbo.common.utils.CollectionUtils	isEmptyMap	java.util.Map	EXIT	result == (map == null || map.isEmpty())
INV-0323	dubbo	org.apache.dubbo.common.utils.CollectionUtils	isEmptyMap	java.util.Map	EXIT	map == null || map.isEmpty() || !result
INV-0324	dubbo	org.apache.dubbo.common.utils.CollectionUtils	isEmptyMap	java.util.Map	ENTRY	map.getClass() == java.util.HashMap.class
INV-0325	dubbo	org.apache.dubbo.common.utils.CollectionUtils	isEmptyMap	java.util.Map	EXIT	result == false
INV-0326	dubbo	org.apache.dubbo.common.utils.CollectionUtils	isEmptyMap	java.util.Map	EXIT	result == true
INV-0327	hudi	org.apache.hudi.table.upgrade.JavaUpgradeDowngradeHelper	getInstance		EXIT	result != null
INV-0328	hudi	org.apache.hudi.table.upgrade.JavaUpgradeDowngradeHelper	getInstance		EXIT	org.apache.hudi.table.upgrade.JavaUpgradeDowngradeHelper.SINGLETON_INSTANCE == result
INV-0329	netty	io.netty.util.internal.ObjectUtil	checkNonEmpty	java.lang.CharSequence, java.lang.String	EXIT	result == value
INV-0330	netty	io.netty.util.internal.ObjectUtil	checkNonEmpty	java.lang.CharSequence, java.lang.String	EXIT	result.length() == value.length()
INV-0331	netty	io.netty.util.internal.ObjectUtil	checkNonEmpty	java.lang.CharSequence, java.lang.String	ENTRY	name != null
INV-0332	netty	io.netty.util.internal.ObjectUtil	checkNonEmpty	java.lang.CharSequence, java.lang.String	ENTRY	name.length() >= 0
INV-0333	netty	io.netty.util.internal.ObjectUtil	checkNonEmpty	java.lang.CharSequence, java.lang.String	ENTRY	value.getClass() == String.class
INV-0334	netty	io.netty.util.internal.ObjectUtil	checkNonEmpty	java.lang.CharSequence, java.lang.String	ENTRY	"""NOT_NULL"".equals(name.toString()) || ""NOT_NULL_BUT_EMPTY"".equals(name.toString())"
INV-0335	netty	io.netty.util.internal.ObjectUtil	checkNonEmpty	java.lang.CharSequence, java.lang.String	EXIT	result.getClass() == String.class
INV-0336	netty	io.netty.util.internal.ObjectUtil	checkNonEmpty	java.lang.CharSequence, java.lang.String	EXIT	"""NOT_NULL"".equals(name.toString()) || ""NOT_NULL_BUT_EMPTY"".equals(name.toString())"
INV-0337	dubbo	org.apache.dubbo.common.utils.IOUtils	readLines	java.io.File	EXIT	"java.util.Arrays.equals(result, new String[]{""ABCDEFGHIJKLMNOPQRSTUVWXYZabcdefghijklmnopqrstuvwxyz1234567890""}) || java.util.Arrays.equals(result, new String[]{""a"", ""b"", ""c""})"
INV-0338	dubbo	org.apache.dubbo.common.utils.IOUtils	readLines	java.io.File	EXIT	result.getClass() == String[].class
INV-0339	dubbo	org.apache.dubbo.common.utils.IOUtils	readLines	java.io.File	ENTRY	file.exists()
INV-0340	dubbo	org.apache.dubbo.common.utils.IOUtils	readLines	java.io.File	ENTRY	!file.isDirectory()
INV-0341	apollo	com.ctrip.framework.apollo.biz.entity.ReleaseHistory	getOperationContext		EXIT	result == null || !result.isEmpty() || result.isEmpty()
INV-0342	apollo	com.ctrip.framework.apollo.biz.entity.ReleaseHistory	getOperationContext		EXIT	this.branchName.toString().compareTo(result.toString()) < 0
INV-0343	apollo	com.ctrip.framework.apollo.biz.entity.ReleaseHistory	getOperationContext		EXIT	result != null
INV-0344	apollo	com.ctrip.framework.apollo.biz.entity.ReleaseHistory	getOperationContext		ENTRY	this.operation < this.id
INV-0345	apollo	com.ctrip.framework.apollo.biz.entity.ReleaseHistory	getOperationContext		EXIT	result == null || result.length() >= 0
INV-0346	apollo	com.ctrip.framework.apollo.biz.entity.ReleaseHistory	getOperationContext		EXIT	"result == null || result.contains("""")"
INV-0347	spring	org.springframework.core.convert.support.AbstractConditionalEnumConverter	matches	org.springframework.core.convert.TypeDescriptor, org.springframework.core.convert.TypeDescriptor	EXIT	result == true
INV-0348	spring	org.springframework.core.convert.support.AbstractConditionalEnumConverter	matches	org.springframework.core.convert.TypeDescriptor, org.springframework.core.convert.TypeDescriptor	EXIT	result == true || (sourceType != null && targetType != null)
INV-0349	apollo	com.ctrip.framework.apollo.biz.service.ItemService	checkItemKeyLength	java.lang.String	EXIT	"""jdk.proxy2.$Proxy258"".equals(this.itemRepository.getClass().getName())"
INV-0350	apollo	com.ctrip.framework.apollo.biz.service.ItemService	checkItemKeyLength	java.lang.String	ENTRY	key == null || key.length() >= 0
INV-0351	apollo	com.ctrip.framework.apollo.biz.service.ItemService	checkItemKeyLength	java.lang.String	ENTRY	key != null || key == null
INV-0352	apollo	com.ctrip.framework.apollo.biz.service.ItemService	checkItemKeyLength	java.lang.String	EXIT	result == true
INV-0353	apollo	com.ctrip.framework.apollo.biz.service.ItemService	checkItemKeyLength	java.lang.String	ENTRY	"""jdk.proxy2.$Proxy258"".equals(this.itemRepository.getClass().getName())"
INV-0354	apollo	com.ctrip.framework.apollo.biz.service.ItemService	checkItemKeyLength	java.lang.String	EXIT	result == true
INV-0355	apollo	com.ctrip.framework.apollo.biz.service.ItemService	checkItemKeyLength	java.lang.String	ENTRY	key == null || !key.isEmpty() || !key.isEmpty()
INV-0356	apollo	com.ctrip.framework.apollo.biz.service.ItemService	checkItemKeyLength	java.lang.String	EXIT	"""k3"".equals(key.toString()) || ""k6"".equals(key.toString()) || ""k7"".equals(key.toString())"
INV-0357	netty	io.netty.util.AbstractConstant	hashCode		EXIT	result != 0
INV-0358	netty	io.netty.util.AbstractConstant	hashCode		ENTRY	"""b_beta"".equals(this.name.toString()) || ""c_gamma"".equals(this.name.toString()) || ""e_epsilon"".equals(this.name.toString())"
