study,configuration,project,all,compiled,non_compiled,executed,falsified,observed_held,never_executed
prompt,baseline,apollo,2182,2102,80,1605,90,1515,497
prompt,baseline,dubbo,17619,17225,394,9183,1064,8119,8046
prompt,baseline,hudi,1011,968,43,321,5,316,647
prompt,baseline,libgdx,11686,11587,99,751,40,711,10836
prompt,baseline,netty,7124,7121,3,1259,214,1045,5862
prompt,baseline,spring,13906,13299,607,6681,744,5937,6626
prompt,fewshot,apollo,2099,2001,98,1482,86,1396,519
prompt,fewshot,dubbo,17759,17292,467,10025,1008,9017,7271
prompt,fewshot,hudi,1087,1039,48,265,8,257,774
prompt,fewshot,libgdx,11786,11613,173,1769,96,1673,9844
prompt,fewshot,netty,7256,7253,3,1049,140,909,6204
prompt,fewshot,spring,14026,13525,501,6666,645,6021,6872
prompt,cot,apollo,2034,1949,85,1492,88,1404,457
prompt,cot,dubbo,16797,16490,307,9247,991,8256,7247
prompt,cot,hudi,907,790,117,588,27,561,202
prompt,cot,libgdx,10661,10576,85,661,26,635,9915
prompt,cot,netty,6597,6594,3,971,134,837,5623
prompt,cot,spring,12157,11678,479,5892,673,5219,5798
prompt,stepwise,apollo,2028,1941,87,1470,92,1378,471
prompt,stepwise,dubbo,16865,16502,363,9390,1062,8328,7115
prompt,stepwise,hudi,913,807,106,599,19,580,208
prompt,stepwise,libgdx,10858,10787,71,691,19,672,10096
prompt,stepwise,netty,6496,6493,3,535,82,453,5958
prompt,stepwise,spring,11829,11337,492,5657,684,4973,5686
prompt,self_refine,apollo,1728,1653,75,1253,84,1169,400
prompt,self_refine,dubbo,14919,14688,231,8465,881,7584,6228
prompt,self_refine,hudi,857,750,107,569,20,549,181
prompt,self_refine,libgdx,10081,9894,187,1679,55,1624,8215
prompt,self_refine,netty,6074,6067,7,1320,225,1095,4747
prompt,self_refine,spring,11131,10664,467,5328,658,4670,5342
prompt,multi_sample,apollo,966,923,43,697,59,638,226
prompt,multi_sample,dubbo,8107,7954,153,4560,588,3972,3395
prompt,multi_sample,hudi,415,375,40,278,7,271,97
prompt,multi_sample,libgdx,5172,5041,131,1012,34,978,4032
prompt,multi_sample,netty,3060,3057,3,538,98,440,2519
prompt,multi_sample,spring,5754,5538,216,2710,355,2355,2830
context,documented,apollo,2099,2001,98,1487,86,1401,514
context,documented,dubbo,17779,17344,435,10056,1011,9045,7295
context,documented,hudi,1097,1053,44,270,8,262,783
context,documented,libgdx,11965,11875,90,609,32,577,11266
context,documented,netty,7366,7363,3,1024,144,880,6339
context,documented,spring,14261,13673,588,6875,645,6230,6811
context,class_aware,apollo,2233,2146,87,1629,86,1543,517
context,class_aware,dubbo,18608,18192,416,10371,981,9390,7827
context,class_aware,hudi,1156,1056,100,339,7,332,717
context,class_aware,libgdx,11865,11746,119,1909,90,1819,9837
context,class_aware,netty,7528,7525,3,1195,174,1021,6330
context,class_aware,spring,14501,14026,475,7080,646,6434,6961
context,type_aware,apollo,2099,2001,98,1482,86,1396,519
context,type_aware,dubbo,17759,17292,467,10025,958,9067,7271
context,type_aware,hudi,1087,1039,48,265,8,257,774
context,type_aware,libgdx,11786,11672,114,785,34,751,10887
context,type_aware,netty,7256,7253,3,1049,141,908,6204
context,type_aware,spring,14026,13525,501,6682,644,6038,6856
context,usage_aware,apollo,2245,2163,82,1632,78,1554,531
context,usage_aware,dubbo,18217,17741,476,10397,983,9414,7349
context,usage_aware,hudi,1107,1039,68,269,14,255,770
context,usage_aware,libgdx,12171,12050,121,984,43,941,11066
context,usage_aware,netty,7495,7492,3,941,117,824,6551
context,usage_aware,spring,14355,13879,476,6805,632,6173,7087
context,example_driven,apollo,2232,2145,87,1626,78,1548,519
context,example_driven,dubbo,17803,17333,470,9846,978,8868,7491
context,example_driven,hudi,1118,1045,73,349,16,333,696
context,example_driven,libgdx,11854,11729,125,1102,56,1046,10627
context,example_driven,netty,7295,7292,3,1008,136,872,6284
context,example_driven,spring,14091,13615,476,6773,636,6137,6855
