strategy,apollo,dubbo,hudi,libgdx,netty,springReal
baseline,"all=2182
compiled=2102
non-compiled=80
executed=1605
falsified=90
observed-held=1515
never-executed=497
disabled-stale=0
unreached=497","all=17619
compiled=17225
non-compiled=394
executed=9183
falsified=1064
observed-held=8119
never-executed=8046
disabled-stale=0
unreached=8046","all=1011
compiled=968
non-compiled=43
executed=321
falsified=5
observed-held=316
never-executed=647
disabled-stale=0
unreached=647","all=11686
compiled=11587
non-compiled=99
executed=751
falsified=40
observed-held=711
never-executed=10836
disabled-stale=0
unreached=10836","all=7124
compiled=7121
non-compiled=3
executed=1259
falsified=214
observed-held=1045
never-executed=5862
disabled-stale=0
unreached=5862","all=13906
compiled=13299
non-compiled=607
executed=6681
falsified=744
observed-held=5937
never-executed=6626
disabled-stale=0
unreached=6626"
cot,"all=2034
compiled=1949
non-compiled=85
executed=1492
falsified=88
observed-held=1404
never-executed=457
disabled-stale=0
unreached=457","all=16797
compiled=16490
non-compiled=307
executed=9247
falsified=991
observed-held=8256
never-executed=7247
disabled-stale=0
unreached=7247","all=907
compiled=790
non-compiled=117
executed=588
falsified=27
observed-held=561
never-executed=202
disabled-stale=0
unreached=202","all=10661
compiled=10576
non-compiled=85
executed=661
falsified=26
observed-held=635
never-executed=9915
disabled-stale=0
unreached=9915","all=6597
compiled=6594
non-compiled=3
executed=971
falsified=134
observed-held=837
never-executed=5623
disabled-stale=0
unreached=5623","all=12157
compiled=11678
non-compiled=479
executed=5892
falsified=673
observed-held=5219
never-executed=5798
disabled-stale=0
unreached=5798"
fewshot,"all=2099
compiled=2001
non-compiled=98
executed=1482
falsified=86
observed-held=1396
never-executed=519
disabled-stale=0
unreached=519","all=17759
compiled=17292
non-compiled=467
executed=10025
falsified=1008
observed-held=9017
never-executed=7271
disabled-stale=0
unreached=7271","all=1087
compiled=1039
non-compiled=48
executed=265
falsified=8
observed-held=257
never-executed=774
disabled-stale=0
unreached=774","all=11786
compiled=11613
non-compiled=173
executed=1769
falsified=96
observed-held=1673
never-executed=9844
disabled-stale=0
unreached=9844","all=7256
compiled=7253
non-compiled=3
executed=1049
falsified=140
observed-held=909
never-executed=6204
disabled-stale=0
unreached=6204","all=14026
compiled=13525
non-compiled=501
executed=6666
falsified=645
observed-held=6021
never-executed=6872
disabled-stale=0
unreached=6872"
multi_sample,"all=966
compiled=923
non-compiled=43
executed=697
falsified=59
observed-held=638
never-executed=226
disabled-stale=0
unreached=226","all=8107
compiled=7954
non-compiled=153
executed=4560
falsified=588
observed-held=3972
never-executed=3395
disabled-stale=0
unreached=3395","all=415
compiled=375
non-compiled=40
executed=278
falsified=7
observed-held=271
never-executed=97
disabled-stale=0
unreached=97","all=5172
compiled=5041
non-compiled=131
executed=1012
falsified=34
observed-held=978
never-executed=4032
disabled-stale=0
unreached=4032","all=3060
compiled=3057
non-compiled=3
executed=538
falsified=98
observed-held=440
never-executed=2519
disabled-stale=0
unreached=2519","all=5754
compiled=5538
non-compiled=216
executed=2710
falsified=355
observed-held=2355
never-executed=2830
disabled-stale=0
unreached=2830"
self_refine,"all=1728
compiled=1653
non-compiled=75
executed=1253
falsified=84
observed-held=1169
never-executed=400
disabled-stale=0
unreached=400","all=14919
compiled=14688
non-compiled=231
executed=8465
falsified=881
observed-held=7584
never-executed=6228
disabled-stale=0
unreached=6228","all=857
compiled=750
non-compiled=107
executed=569
falsified=20
observed-held=549
never-executed=181
disabled-stale=0
unreached=181","all=10081
compiled=9894
non-compiled=187
executed=1679
falsified=55
observed-held=1624
never-executed=8215
disabled-stale=0
unreached=8215","all=6074
compiled=6067
non-compiled=7
executed=1320
falsified=225
observed-held=1095
never-executed=4747
disabled-stale=0
unreached=4747","all=11131
compiled=10664
non-compiled=467
executed=5328
falsified=658
observed-held=4670
never-executed=5342
disabled-stale=0
unreached=5342"
stepwise,"all=2028
compiled=1941
non-compiled=87
executed=1470
falsified=92
observed-held=1378
never-executed=471
disabled-stale=0
unreached=471","all=16865
compiled=16502
non-compiled=363
executed=9390
falsified=1062
observed-held=8328
never-executed=7115
disabled-stale=0
unreached=7115","all=913
compiled=807
non-compiled=106
executed=599
falsified=19
observed-held=580
never-executed=208
disabled-stale=0
unreached=208","all=10858
compiled=10787
non-compiled=71
executed=691
falsified=19
observed-held=672
never-executed=10096
disabled-stale=0
unreached=10096","all=6496
compiled=6493
non-compiled=3
executed=535
falsified=82
observed-held=453
never-executed=5958
disabled-stale=0
unreached=5958","all=11829
compiled=11337
non-compiled=492
executed=5657
falsified=684
observed-held=4973
never-executed=5686
disabled-stale=0
unreached=5686"
