context_config,apollo,dubbo,hudi,libgdx,netty,spring
call_site,"all=2245
compiled=2163
non-compiled=82
executed=1632
falsified=78
observed-held=1554
never-executed=531
disabled-stale=0
unreached=531","all=18217
compiled=17741
non-compiled=476
executed=10397
falsified=983
observed-held=9414
never-executed=7349
disabled-stale=0
unreached=7349","all=1107
compiled=1039
non-compiled=68
executed=269
falsified=14
observed-held=255
never-executed=770
disabled-stale=0
unreached=770","all=12171
compiled=12050
non-compiled=121
executed=984
falsified=43
observed-held=941
never-executed=11066
disabled-stale=0
unreached=11066","all=7495
compiled=7492
non-compiled=3
executed=941
falsified=117
observed-held=824
never-executed=6551
disabled-stale=0
unreached=6551","all=14355
compiled=13879
non-compiled=476
executed=6805
falsified=632
observed-held=6173
never-executed=7087
disabled-stale=0
unreached=7087"
class_doc,"all=2233
compiled=2146
non-compiled=87
executed=1629
falsified=86
observed-held=1543
never-executed=517
disabled-stale=0
unreached=517","all=18608
compiled=18192
non-compiled=416
executed=10371
falsified=981
observed-held=9390
never-executed=7827
disabled-stale=0
unreached=7827","all=1156
compiled=1056
non-compiled=100
executed=339
falsified=7
observed-held=332
never-executed=717
disabled-stale=0
unreached=717","all=11865
compiled=11746
non-compiled=119
executed=1909
falsified=90
observed-held=1819
never-executed=9837
disabled-stale=0
unreached=9837","all=7528
compiled=7525
non-compiled=3
executed=1195
falsified=174
observed-held=1021
never-executed=6330
disabled-stale=0
unreached=6330","all=14501
compiled=14026
non-compiled=475
executed=7080
falsified=646
observed-held=6434
never-executed=6961
disabled-stale=0
unreached=6961"
io_examples,"all=2232
compiled=2145
non-compiled=87
executed=1626
falsified=78
observed-held=1548
never-executed=519
disabled-stale=0
unreached=519","all=17803
compiled=17333
non-compiled=470
executed=9846
falsified=978
observed-held=8868
never-executed=7491
disabled-stale=0
unreached=7491","all=1118
compiled=1045
non-compiled=73
executed=349
falsified=16
observed-held=333
never-executed=696
disabled-stale=0
unreached=696","all=11854
compiled=11729
non-compiled=125
executed=1102
falsified=56
observed-held=1046
never-executed=10627
disabled-stale=0
unreached=10627","all=7295
compiled=7292
non-compiled=3
executed=1008
falsified=136
observed-held=872
never-executed=6284
disabled-stale=0
unreached=6284","all=14206
compiled=13672
non-compiled=534
executed=6931
falsified=616
observed-held=6315
never-executed=6753
disabled-stale=0
unreached=6753"
method_javadoc,"all=2099
compiled=2001
non-compiled=98
executed=1487
falsified=86
observed-held=1401
never-executed=514
disabled-stale=0
unreached=514","all=17779
compiled=17344
non-compiled=435
executed=10056
falsified=1011
observed-held=9045
never-executed=7295
disabled-stale=0
unreached=7295","all=1097
compiled=1053
non-compiled=44
executed=270
falsified=8
observed-held=262
never-executed=783
disabled-stale=0
unreached=783","all=11965
compiled=11875
non-compiled=90
executed=609
falsified=32
observed-held=577
never-executed=11266
disabled-stale=0
unreached=11266","all=7366
compiled=7363
non-compiled=3
executed=1024
falsified=144
observed-held=880
never-executed=6339
disabled-stale=0
unreached=6339","all=14261
compiled=13673
non-compiled=588
executed=6875
falsified=645
observed-held=6230
never-executed=6811
disabled-stale=0
unreached=6811"
type_doc,"all=2099
compiled=2001
non-compiled=98
executed=1482
falsified=86
observed-held=1396
never-executed=519
disabled-stale=0
unreached=519","all=17759
compiled=17292
non-compiled=467
executed=10025
falsified=958
observed-held=9067
never-executed=7271
disabled-stale=0
unreached=7271","all=1087
compiled=1039
non-compiled=48
executed=265
falsified=8
observed-held=257
never-executed=774
disabled-stale=0
unreached=774","all=11786
compiled=11672
non-compiled=114
executed=785
falsified=34
observed-held=751
never-executed=10887
disabled-stale=0
unreached=10887","all=7256
compiled=7253
non-compiled=3
executed=1049
falsified=141
observed-held=908
never-executed=6204
disabled-stale=0
unreached=6204","all=14026
compiled=13525
non-compiled=501
executed=6682
falsified=644
observed-held=6038
never-executed=6856
disabled-stale=0
unreached=6856"
