suite,project,daikon_trace,daikon_min,oca_min,daikon_gb,oca_gb,daikon_full_failed_gb,daikon_full_failed_partial
benchmark,Apollo,full,8.1,14.4,2.56,0.38,,
benchmark,Dubbo,sampled,23.9,129.9,1.34,0.78,280.00,yes
benchmark,Netty,sampled,1549.7,60.0,0.76,0.73,2300.00,no
benchmark,Hudi,full,27.1,11.3,683.30,19.00,,
benchmark,libGDX,sampled,350.6,83.0,90.32,2.81,1900.00,yes
benchmark,Spring,full,2.2,90.8,2.21,2.62,,
defects4j,Cli,full,10.0,9.1,0.60,0.02,,
defects4j,Codec,full,570.0,14.5,14.20,0.03,,
defects4j,Collections,full,240.0,101.1,26.30,0.13,,
defects4j,Gson,full,20.0,10.3,3.10,0.03,,
defects4j,Math,full,15.0,41.2,2.40,0.09,,
