project	oca_method	reason
apollo	com.ctrip.framework.apollo.biz.config.BizConfig#releaseMessageNotificationBatch():int	NO_DAIKON_MATCH
spring	org.springframework.util.Assert#isInstanceOf(Class<?>,Object,Supplier<String>):void	NO_DAIKON_MATCH
spring	org.springframework.util.Assert#notEmpty(Collection<?>,Supplier<String>):void	NO_DAIKON_MATCH
spring	org.springframework.util.xml.XMLEventStreamWriter#writeNamespace(String,String):void	NO_DAIKON_MATCH
spring	org.springframework.core.annotation.TypeMappedAnnotations#isDirectlyPresent(Class<A>):boolean	NO_DAIKON_MATCH
spring	org.springframework.aot.generate.ValueCodeGenerator#getGeneratedMethods():GeneratedMethods	NO_DAIKON_MATCH
spring	org.springframework.aot.hint.support.FilePatternResourceHintsRegistrar#withFilePrefixes(String):Builder	NO_DAIKON_MATCH
spring	org.springframework.core.type.StandardAnnotationMetadata#getAnnotatedMethods(String):Set<MethodMetadata>	NO_DAIKON_MATCH
spring	org.springframework.core.annotation.AbstractMergedAnnotation#getEnum(String,Class<E>):E	NO_DAIKON_MATCH
spring	org.springframework.core.annotation.AggregatesCollector#addAggregateAnnotations(List<Annotation>,Annotation[]):void	NO_DAIKON_MATCH
spring	org.springframework.util.Assert#isNull(Object,Supplier<String>):void	NO_DAIKON_MATCH
spring	org.springframework.core.type.filter.AnnotationTypeFilter#hasAnnotation(String):Boolean	NO_DAIKON_MATCH
spring	org.springframework.util.FileCopyUtils#copy(String,Writer):void	NO_DAIKON_MATCH
spring	org.springframework.aot.hint.ResourcePatternHints#includes(TypeReference,String):Builder	NO_DAIKON_MATCH
spring	org.springframework.core.io.buffer.OutputStreamSubscription#tryTerminate():long	NO_DAIKON_MATCH
spring	org.springframework.core.io.support.ResourcePropertySource#getNameForResource(Resource):String	NO_DAIKON_MATCH
spring	org.springframework.core.SortedProperties#entrySet():Set<Entry<Object, Object>>	NO_DAIKON_MATCH
spring	org.springframework.util.unit.DataSize#ofBytes(long):DataSize	NO_DAIKON_MATCH
spring	org.springframework.aot.generate.InMemoryGeneratedFiles#copy(InputStreamSource,boolean):void	NO_DAIKON_MATCH
spring	org.springframework.aot.hint.support.FilePatternResourceHintsRegistrar#validateFileExtensions(List<String>):List<String>	NO_DAIKON_MATCH
spring	org.springframework.util.xml.StaxEventHandler#setDocumentLocator(Locator):void	NO_DAIKON_MATCH
spring	org.springframework.util.CompositeCollection#add(E):boolean	NO_DAIKON_MATCH
spring	org.springframework.core.BridgeMethodResolver#findGenericDeclaration(Method):Method	NO_DAIKON_MATCH
spring	org.springframework.aot.hint.support.FilePatternResourceHintsRegistrar#withClassPathLocations(List<String>):Builder	NO_DAIKON_MATCH
spring	org.springframework.util.xml.StaxStreamHandler#setDocumentLocator(Locator):void	NO_DAIKON_MATCH
spring	org.springframework.util.AntPathMatcher#getGlobPattern(String):Pattern	NO_DAIKON_MATCH
spring	org.springframework.core.env.MutablePropertySources#addAtIndex(int,PropertySource<?>):void	NO_DAIKON_MATCH
spring	org.springframework.util.backoff.FixedBackOff#setInterval(long):void	NO_DAIKON_MATCH
spring	org.springframework.util.ClassUtils#isVisible(Class<?>,ClassLoader):boolean	NO_DAIKON_MATCH
spring	org.springframework.util.MimeTypeUtils#generateMultipartBoundary():byte[]	NO_DAIKON_MATCH
spring	org.springframework.util.StreamUtils#nonClosing(InputStream):InputStream	NO_DAIKON_MATCH
spring	org.springframework.core.annotation.AnnotatedElementUtils#hasAnnotation(AnnotatedElement,Class<? extends Annotation>):boolean	NO_DAIKON_MATCH
spring	org.springframework.aot.generate.InMemoryFileHandler#toString():String	NO_DAIKON_MATCH
spring	org.springframework.util.FilteredMap#size():int	NO_DAIKON_MATCH
spring	org.springframework.core.retry.RetryListener#onRetryFailure(RetryPolicy,Retryable<?>,Throwable):void	NO_DAIKON_MATCH
spring	org.springframework.core.env.CommandLineArgs#addOptionArg(String,String):void	NO_DAIKON_MATCH
spring	org.springframework.core.env.AbstractEnvironment#addActiveProfile(String):void	NO_DAIKON_MATCH
spring	org.springframework.util.backoff.ExponentialBackOff#getMaxElapsedTime():long	NO_DAIKON_MATCH
spring	org.springframework.core.annotation.AnnotatedElementUtils#findMergedAnnotation(AnnotatedElement,Class<A>):A	NO_DAIKON_MATCH
spring	org.springframework.asm.Type#getType(String):Type	NO_DAIKON_MATCH
spring	org.springframework.core.annotation.MergedAnnotationsCollection#isDirectlyPresent(Class<A>):boolean	NO_DAIKON_MATCH
spring	org.springframework.util.Assert#noNullElements(Collection<? extends @Nullable Object>,Supplier<String>):void	NO_DAIKON_MATCH
spring	org.springframework.core.type.classreading.Source#hashCode():int	NO_DAIKON_MATCH
spring	org.springframework.core.annotation.RepeatableContainers#equals(Object):boolean	NO_DAIKON_MATCH
spring	org.springframework.aot.hint.predicate.ReflectionHintsPredicates#includes(ExecutableHint,String,List<TypeReference>,ExecutableMode):boolean	NO_DAIKON_MATCH
spring	org.springframework.util.PatternMatchUtils#simpleMatchIgnoreCase(String @Nullable [],String):boolean	NO_DAIKON_MATCH
spring	org.springframework.aot.hint.ProxyHints#registerJdkProxy(Class<?>):ProxyHints	NO_DAIKON_MATCH
spring	org.springframework.core.codec.AbstractDataBufferDecoder#setMaxInMemorySize(int):void	NO_DAIKON_MATCH
spring	org.springframework.util.xml.XMLEventStreamWriter#writeStartElement(String,String):void	NO_DAIKON_MATCH
spring	org.springframework.aot.generate.GeneratedClass#apply():TypeSpec.Builder	NO_DAIKON_MATCH
spring	org.springframework.core.annotation.AnnotationTypeMappings#forAnnotationType(Class<? extends Annotation>,RepeatableContainers,AnnotationFilter,Set<Class<? extends Annotation>>):AnnotationTypeMappings	NO_DAIKON_MATCH
spring	org.springframework.aot.hint.support.Builder#withFilePrefixes(String):Builder	NO_DAIKON_MATCH
spring	org.springframework.core.DecoratingClassLoader#excludePackage(String):void	NO_DAIKON_MATCH
spring	org.springframework.aot.hint.TypeReference#listOf(Class<?>):List<TypeReference>	NO_DAIKON_MATCH
spring	org.springframework.util.ClassUtils#getInterfaceMethodIfPossible(Method,Class<?>,boolean):Method	NO_DAIKON_MATCH
spring	org.springframework.util.FastByteArrayOutputStream#resize(int):void	NO_DAIKON_MATCH
spring	org.springframework.core.io.support.ResourceRegion#getPosition():long	NO_DAIKON_MATCH
spring	org.springframework.util.xml.XMLEventStreamReader#getNamespaceCount():int	NO_DAIKON_MATCH
spring	org.springframework.core.type.classreading.MetadataReaderFactoryDelegate#create(ClassLoader):MetadataReaderFactory	NO_DAIKON_MATCH
spring	org.springframework.util.backoff.ExponentialBackOff#setInitialInterval(long):void	NO_DAIKON_MATCH
spring	org.springframework.core.ReactiveTypeDescriptor#getEmptyValue():Object	NO_DAIKON_MATCH
spring	org.springframework.core.type.StandardAnnotationMetadata#getAnnotationTypes():Set<String>	NO_DAIKON_MATCH
spring	org.springframework.core.env.AbstractEnvironment#doGetDefaultProfilesProperty():String	NO_DAIKON_MATCH
spring	org.springframework.core.env.AbstractEnvironment#acceptsProfiles(String):boolean	NO_DAIKON_MATCH
spring	org.springframework.util.ClassUtils#getAllInterfacesForClass(Class<?>):Class<?>[]	NO_DAIKON_MATCH
spring	org.springframework.core.annotation.AnnotatedElementUtils#nullIfEmpty(MultiValueMap<String, @Nullable Object>):MultiValueMap<String, @Nullable Object>	NO_DAIKON_MATCH
spring	org.springframework.util.MethodInvoker#setTargetMethod(String):void	NO_DAIKON_MATCH
spring	org.springframework.util.unit.DataSize#parse(CharSequence,DataUnit):DataSize	NO_DAIKON_MATCH
spring	org.springframework.util.MethodInvoker#setTargetClass(Class<?>):void	NO_DAIKON_MATCH
spring	org.springframework.core.env.CommandLineArgs#getOptionNames():Set<String>	NO_DAIKON_MATCH
spring	org.springframework.core.annotation.MergedAnnotationsCollection#isPresent(String):boolean	NO_DAIKON_MATCH
spring	org.springframework.core.env.AbstractEnvironment#doGetActiveProfilesProperty():String	NO_DAIKON_MATCH
spring	org.springframework.util.backoff.ExponentialBackOff#getInitialInterval():long	NO_DAIKON_MATCH
spring	org.springframework.util.ClassUtils#classNamesToString(Collection<Class<?>>):String	NO_DAIKON_MATCH
spring	org.springframework.core.type.StandardAnnotationMetadata#getDeclaredMethods():Set<MethodMetadata>	NO_DAIKON_MATCH
spring	org.springframework.core.annotation.MergedAnnotations#withAnnotationFilter(AnnotationFilter):Search	NO_DAIKON_MATCH
spring	org.springframework.util.FastByteArrayOutputStream#write(int):void	NO_DAIKON_MATCH
spring	org.springframework.core.type.filter.AbstractTypeHierarchyTraversingFilter#match(String,MetadataReaderFactory):boolean	NO_DAIKON_MATCH
spring	org.springframework.util.CompositeMap#entrySet():Set<Entry<K, V>>	NO_DAIKON_MATCH
spring	org.springframework.aot.hint.RuntimeHints#serialization():SerializationHints	NO_DAIKON_MATCH
spring	org.springframework.core.PrioritizedParameterNameDiscoverer#getParameterNames(Method):String @Nullable []	NO_DAIKON_MATCH
spring	org.springframework.util.function.SingletonSupplier#obtain():T	NO_DAIKON_MATCH
spring	org.springframework.asm.Type#toString():String	NO_DAIKON_MATCH
spring	org.springframework.aot.hint.predicate.TypeHintPredicate#getTypeHint(RuntimeHints):TypeHint	NO_DAIKON_MATCH
spring	org.springframework.core.convert.converter.ConvertingComparator#compare(S,S):int	NO_DAIKON_MATCH
spring	org.springframework.util.CompositeCollection#toArray(T[]):T[]	NO_DAIKON_MATCH
spring	org.springframework.util.xml.AbstractXMLStreamReader#getTextCharacters():char[]	NO_DAIKON_MATCH
spring	org.springframework.aot.generate.DefaultMethodReference#addArguments(CodeBlock.Builder,ArgumentCodeGenerator):void	NO_DAIKON_MATCH
spring	org.springframework.util.ClassUtils#getAllInterfacesForClassAsSet(Class<?>,ClassLoader):Set<Class<?>>	NO_DAIKON_MATCH
spring	org.springframework.core.annotation.AnnotatedElementUtils#isAnnotated(AnnotatedElement,String):boolean	NO_DAIKON_MATCH
spring	org.springframework.core.type.AnnotatedTypeMetadata#reversedMetaDistance():Comparator<MergedAnnotation<Annotation>>	NO_DAIKON_MATCH
libgdx	com.badlogic.gdx.math.collision.OrientedBoundingBox#getVertices():Vector3[]	NO_DAIKON_MATCH
libgdx	com.badlogic.gdx.math.collision.BoundingBox#getCorner101(Vector3):Vector3	NO_DAIKON_MATCH
libgdx	com.badlogic.gdx.utils.CharArray#with(char):CharArray	NO_DAIKON_MATCH
libgdx	com.badlogic.gdx.math.BSpline#approximate(T,int):float	NO_DAIKON_MATCH
libgdx	com.badlogic.gdx.utils.PooledLinkedList#add(T):void	NO_DAIKON_MATCH
libgdx	com.badlogic.gdx.math.BSpline#approximate(T):float	NO_DAIKON_MATCH
dubbo	org.apache.dubbo.rpc.model.FrameworkModel#removeApplication(ApplicationModel):void	NO_DAIKON_MATCH
dubbo	org.apache.dubbo.common.utils.StringUtils#isContains(String[],String):boolean	NO_DAIKON_MATCH
dubbo	org.apache.dubbo.common.extension.ExtensionLoader#getOrDefaultExtension(String):T	NO_DAIKON_MATCH
dubbo	org.apache.dubbo.rpc.model.FrameworkServiceRepository#allProviderModels():List<ProviderModel>	NO_DAIKON_MATCH
dubbo	org.apache.dubbo.common.URL#toString():String	NO_DAIKON_MATCH
dubbo	org.apache.dubbo.common.utils.PojoUtils#realize(Object,Class<?>):Object	NO_DAIKON_MATCH
dubbo	org.apache.dubbo.common.Version#getProtocolVersion():String	NO_DAIKON_MATCH
dubbo	org.apache.dubbo.common.utils.SystemPropertyConfigUtils#getSystemProperty(String):String	NO_DAIKON_MATCH
dubbo	org.apache.dubbo.common.utils.ClassUtils#simpleClassName(Class<?>):String	NO_DAIKON_MATCH
dubbo	org.apache.dubbo.common.url.component.ServiceAddressURL#getRemoteApplication():String	NO_DAIKON_MATCH
dubbo	org.apache.dubbo.common.utils.PojoUtils#generalize(Object,Map<Object, Object>):Object	NO_DAIKON_MATCH
dubbo	org.apache.dubbo.rpc.model.ScopeModel#getBeanFactory():ScopeBeanFactory	NO_DAIKON_MATCH
dubbo	org.apache.dubbo.config.context.ModuleConfigManager#findDuplicatedConfig(Map<String, C>,C):Optional<C>	NO_DAIKON_MATCH
dubbo	org.apache.dubbo.common.beans.support.InstantiationStrategy#instantiate(Class<T>):T	NO_DAIKON_MATCH
dubbo	org.apache.dubbo.config.ApplicationConfig#getProtocol():String	NO_DAIKON_MATCH
dubbo	org.apache.dubbo.config.nested.Http3Config#getInitialMaxDataOrDefault():int	NO_DAIKON_MATCH
netty	io.netty.util.internal.ThrowableUtil#unknownStackTrace(T,Class<?>,String):T	NO_DAIKON_MATCH
netty	io.netty.util.concurrent.GenericEventExecutorChooser#next():EventExecutor	NO_DAIKON_MATCH
netty	io.netty.util.concurrent.MultithreadEventExecutorGroup#executorUtilizations():List<AutoScalingUtilizationMetric>	NO_DAIKON_MATCH
netty	io.netty.util.AvailableProcessorsHolder#setAvailableProcessors(int):void	NO_DAIKON_MATCH
netty	io.netty.util.concurrent.FastThreadLocalThread#add(long):FallbackThreadSet	NO_DAIKON_MATCH
netty	io.netty.util.NettyRuntime#setAvailableProcessors(int):void	NO_DAIKON_MATCH
