project	sample_index	oca_method	daikon_method	oca_observed_held_count	daikon_program_point_count
apollo	1	com.ctrip.framework.apollo.biz.registry.configuration.support.ApolloServiceRegistryClearApplicationRunner#run(ApplicationArguments):void	com.ctrip.framework.apollo.biz.registry.configuration.support.ApolloServiceRegistryClearApplicationRunner.run(org.springframework.boot.ApplicationArguments)	5	2
apollo	2	com.ctrip.framework.apollo.biz.service.InstanceService#findActiveInstanceConfigsByReleaseKey(String,Pageable):Page<InstanceConfig>	com.ctrip.framework.apollo.biz.service.InstanceService.findActiveInstanceConfigsByReleaseKey(java.lang.String, org.springframework.data.domain.Pageable)	9	2
apollo	3	com.ctrip.framework.apollo.biz.entity.ReleaseHistory#getOperationContext():String	com.ctrip.framework.apollo.biz.entity.ReleaseHistory.getOperationContext()	3	2
apollo	4	com.ctrip.framework.apollo.biz.entity.Item#setLineNum(Integer):void	com.ctrip.framework.apollo.biz.entity.Item.setLineNum(java.lang.Integer)	3	2
apollo	5	com.ctrip.framework.apollo.biz.service.ItemService#checkItemKeyLength(String):boolean	com.ctrip.framework.apollo.biz.service.ItemService.checkItemKeyLength(java.lang.String)	4	3
apollo	6	com.ctrip.framework.apollo.biz.registry.configuration.support.ApolloServiceDiscoveryProperties#getHealthCheckIntervalInSecond():long	com.ctrip.framework.apollo.biz.registry.configuration.support.ApolloServiceDiscoveryProperties.getHealthCheckIntervalInSecond()	1	2
apollo	7	com.ctrip.framework.apollo.biz.registry.configuration.ApolloServiceDiscoveryAutoConfiguration#wrapMemoryCache(DatabaseDiscoveryClient):DatabaseDiscoveryClient	com.ctrip.framework.apollo.biz.registry.configuration.ApolloServiceDiscoveryAutoConfiguration.wrapMemoryCache(com.ctrip.framework.apollo.biz.registry.DatabaseDiscoveryClient)	3	2
apollo	8	com.ctrip.framework.apollo.biz.service.ItemSetService#updateSet(String,String,String,ItemChangeSets):ItemChangeSets	com.ctrip.framework.apollo.biz.service.ItemSetService.updateSet(java.lang.String, java.lang.String, java.lang.String, com.ctrip.framework.apollo.common.dto.ItemChangeSets)	5	2
apollo	9	com.ctrip.framework.apollo.biz.service.ItemService#getItemInfoBySearch(String,String,Pageable):Page<ItemInfoDTO>	com.ctrip.framework.apollo.biz.service.ItemService.getItemInfoBySearch(java.lang.String, java.lang.String, org.springframework.data.domain.Pageable)	8	2
apollo	10	com.ctrip.framework.apollo.biz.entity.JpaMapFieldJsonConverter#convertToDatabaseColumn(Map<String, String>):String	com.ctrip.framework.apollo.biz.entity.JpaMapFieldJsonConverter.convertToDatabaseColumn(java.util.Map)	4	2
hudi	1	org.apache.hudi.table.action.commit.JavaUpsertPartitioner#getSmallFilesForPartitions(List<String>,HoodieEngineContext):Map<String, List<SmallFile>>	org.apache.hudi.table.action.commit.JavaUpsertPartitioner.getSmallFilesForPartitions(java.util.List, org.apache.hudi.common.engine.HoodieEngineContext)	5	3
hudi	2	org.apache.hudi.table.HoodieJavaMergeOnReadTable#scheduleCompaction(HoodieEngineContext,String,Option<Map<String, String>>):Option<HoodieCompactionPlan>	org.apache.hudi.table.HoodieJavaMergeOnReadTable.scheduleCompaction(org.apache.hudi.common.engine.HoodieEngineContext, java.lang.String, org.apache.hudi.common.util.Option)	7	2
hudi	3	org.apache.hudi.execution.JavaLazyInsertIterable#computeNext():List<WriteStatus>	org.apache.hudi.execution.JavaLazyInsertIterable.computeNext()	3	2
hudi	4	org.apache.hudi.table.action.commit.BaseJavaCommitActionExecutor#handleUpsertPartition(String,Integer,Iterator,Partitioner):Iterator<List<WriteStatus>>	org.apache.hudi.table.action.commit.BaseJavaCommitActionExecutor.handleUpsertPartition(java.lang.String, java.lang.Integer, java.util.Iterator, org.apache.hudi.table.action.commit.Partitioner)	5	4
hudi	5	org.apache.hudi.table.upgrade.JavaUpgradeDowngradeHelper#getInstance():JavaUpgradeDowngradeHelper	org.apache.hudi.table.upgrade.JavaUpgradeDowngradeHelper.getInstance()	1	2
hudi	6	org.apache.hudi.table.HoodieJavaTable#create(HoodieWriteConfig,HoodieEngineContext):HoodieJavaTable<T>	org.apache.hudi.table.HoodieJavaTable.create(org.apache.hudi.config.HoodieWriteConfig, org.apache.hudi.common.engine.HoodieEngineContext)	6	2
hudi	7	org.apache.hudi.table.action.commit.JavaDeleteHelper#newInstance():JavaDeleteHelper	org.apache.hudi.table.action.commit.JavaDeleteHelper.newInstance()	1	1
hudi	8	org.apache.hudi.client.common.HoodieJavaEngineContext#getReaderContextFactory(HoodieTableMetaClient):ReaderContextFactory<IndexedRecord>	org.apache.hudi.client.common.HoodieJavaEngineContext.getReaderContextFactory(org.apache.hudi.common.table.HoodieTableMetaClient)	5	2
hudi	9	org.apache.hudi.table.action.commit.BaseJavaCommitActionExecutor#getPartitionToReplacedFileIds(HoodieWriteMetadata<List<WriteStatus>>):Map<String, List<String>>	org.apache.hudi.table.action.commit.BaseJavaCommitActionExecutor.getPartitionToReplacedFileIds(org.apache.hudi.table.action.HoodieWriteMetadata)	6	2
hudi	10	org.apache.hudi.table.action.commit.BaseJavaCommitActionExecutor#updateIndex(List<WriteStatus>,HoodieWriteMetadata<List<WriteStatus>>):List<WriteStatus>	org.apache.hudi.table.action.commit.BaseJavaCommitActionExecutor.updateIndex(java.util.List, org.apache.hudi.table.action.HoodieWriteMetadata)	6	2
spring	1	org.springframework.core.convert.support.NumberToDataSizeConverter#convert(Number):DataSize	org.springframework.core.convert.support.NumberToDataSizeConverter.convert(java.lang.Number)	3	2
spring	2	org.springframework.core.convert.support.StringToArrayConverter#matches(TypeDescriptor,TypeDescriptor):boolean	org.springframework.core.convert.support.StringToArrayConverter.matches(org.springframework.core.convert.TypeDescriptor, org.springframework.core.convert.TypeDescriptor)	5	4
spring	3	org.springframework.core.convert.ConversionService#convert(Object,TypeDescriptor):Object	org.springframework.core.convert.ConversionService.convert(java.lang.Object, org.springframework.core.convert.TypeDescriptor)	6	2
spring	4	org.springframework.core.convert.support.StringToPropertiesConverter#convert(String):Properties	org.springframework.core.convert.support.StringToPropertiesConverter.convert(java.lang.String)	4	2
spring	5	org.springframework.core.convert.support.StreamConverter#convertToStream(Object,TypeDescriptor,TypeDescriptor):Object	org.springframework.core.convert.support.StreamConverter.convertToStream(java.lang.Object, org.springframework.core.convert.TypeDescriptor, org.springframework.core.convert.TypeDescriptor)	6	2
spring	6	org.springframework.core.convert.support.ObjectToCollectionConverter#getConvertibleTypes():Set<ConvertiblePair>	org.springframework.core.convert.support.ObjectToCollectionConverter.getConvertibleTypes()	3	2
spring	7	org.springframework.core.convert.support.IdToEntityConverter#getEntityName(Class<?>):String	org.springframework.core.convert.support.IdToEntityConverter.getEntityName(java.lang.Class)	3	4
spring	8	org.springframework.core.convert.support.AbstractConditionalEnumConverter#matches(TypeDescriptor,TypeDescriptor):boolean	org.springframework.core.convert.support.AbstractConditionalEnumConverter.matches(org.springframework.core.convert.TypeDescriptor, org.springframework.core.convert.TypeDescriptor)	5	5
spring	9	org.springframework.core.convert.support.ObjectToCollectionConverter#matches(TypeDescriptor,TypeDescriptor):boolean	org.springframework.core.convert.support.ObjectToCollectionConverter.matches(org.springframework.core.convert.TypeDescriptor, org.springframework.core.convert.TypeDescriptor)	3	3
spring	10	org.springframework.core.convert.support.EnumToStringConverter#convert(Enum<?>):String	org.springframework.core.convert.support.EnumToStringConverter.convert(java.lang.Enum)	8	2
libgdx	1	com.badlogic.gdx.utils.CharArray#add(char,char):void	com.badlogic.gdx.utils.CharArray.add(char, char)	7	2
libgdx	2	com.badlogic.gdx.utils.JsonValue#getString(String,String):String	com.badlogic.gdx.utils.JsonValue.getString(java.lang.String, java.lang.String)	8	2
libgdx	3	com.badlogic.gdx.utils.CharArray#incr(int,char):void	com.badlogic.gdx.utils.CharArray.incr(int, char)	3	2
libgdx	4	com.badlogic.gdx.utils.CharArray#substring(int,int):String	com.badlogic.gdx.utils.CharArray.substring(int, int)	4	2
libgdx	5	com.badlogic.gdx.utils.LongArray#incr(int,long):void	com.badlogic.gdx.utils.LongArray.incr(int, long)	1	2
libgdx	6	com.badlogic.gdx.utils.JsonReader#parse(char[],int,int):JsonValue	com.badlogic.gdx.utils.JsonReader.parse(char[], int, int)	5	2
libgdx	7	com.badlogic.gdx.utils.LongQueue#equals(Object):boolean	com.badlogic.gdx.utils.LongQueue.equals(java.lang.Object)	1	8
libgdx	8	com.badlogic.gdx.utils.CharArray#append(char[]):CharArray	com.badlogic.gdx.utils.CharArray.append(char[])	6	3
libgdx	9	com.badlogic.gdx.utils.reflect.Field#getType():Class	com.badlogic.gdx.utils.reflect.Field.getType()	2	2
libgdx	10	com.badlogic.gdx.math.Polygon#setVertices(float[]):void	com.badlogic.gdx.math.Polygon.setVertices(float[])	6	2
dubbo	1	org.apache.dubbo.common.utils.IOUtils#readLines(File):String[]	org.apache.dubbo.common.utils.IOUtils.readLines(java.io.File)	9	3
dubbo	2	org.apache.dubbo.common.utils.ReflectUtils#getName(Method):String	org.apache.dubbo.common.utils.ReflectUtils.getName(java.lang.reflect.Method)	8	2
dubbo	3	org.apache.dubbo.common.utils.FieldUtils#getFieldValue(Object,String):Object	org.apache.dubbo.common.utils.FieldUtils.getFieldValue(java.lang.Object, java.lang.String)	8	2
dubbo	4	org.apache.dubbo.common.utils.CollectionUtils#isEmptyMap(Map):boolean	org.apache.dubbo.common.utils.CollectionUtils.isEmptyMap(java.util.Map)	3	4
dubbo	5	org.apache.dubbo.common.utils.MethodUtils#excludedDeclaredClass(Class<?>):Predicate<Method>	org.apache.dubbo.common.utils.MethodUtils.excludedDeclaredClass(java.lang.Class)	3	2
dubbo	6	org.apache.dubbo.common.compiler.support.ClassUtils#getSize(Object):int	org.apache.dubbo.common.compiler.support.ClassUtils.getSize(java.lang.Object)	1	7
dubbo	7	org.apache.dubbo.common.io.UnsafeByteArrayOutputStream#toString():String	org.apache.dubbo.common.io.UnsafeByteArrayOutputStream.toString()	1	2
dubbo	8	org.apache.dubbo.common.utils.ArrayUtils#isEmpty(Object[]):boolean	org.apache.dubbo.common.utils.ArrayUtils.isEmpty(java.lang.Object[])	6	3
dubbo	9	org.apache.dubbo.common.utils.Stack#peek():E	org.apache.dubbo.common.utils.Stack.peek()	1	2
dubbo	10	org.apache.dubbo.common.utils.LogHelper#error(Logger,String,Throwable):void	org.apache.dubbo.common.utils.LogHelper.error(org.apache.dubbo.common.logger.Logger, java.lang.String, java.lang.Throwable)	10	3
netty	1	io.netty.util.concurrent.FastThreadLocalThread#setThreadLocalMap(InternalThreadLocalMap):void	io.netty.util.concurrent.FastThreadLocalThread.setThreadLocalMap(io.netty.util.internal.InternalThreadLocalMap)	1	2
netty	2	io.netty.util.DomainNameMapping#needsNormalization(String):boolean	io.netty.util.DomainNameMapping.needsNormalization(java.lang.String)	2	5
netty	3	io.netty.util.AsciiStringUtil#toLowerCase(AsciiString):AsciiString	io.netty.util.AsciiStringUtil.toLowerCase(io.netty.util.AsciiString)	8	3
netty	4	io.netty.util.Signal#fillInStackTrace():Throwable	io.netty.util.Signal.fillInStackTrace()	2	2
netty	5	io.netty.util.internal.ReflectionUtil#trySetAccessible(AccessibleObject,boolean):Throwable	io.netty.util.internal.ReflectionUtil.trySetAccessible(java.lang.reflect.AccessibleObject, boolean)	5	4
netty	6	io.netty.util.internal.ObjectUtil#checkNonEmpty(CharSequence,String):CharSequence	io.netty.util.internal.ObjectUtil.checkNonEmpty(java.lang.CharSequence, java.lang.String)	6	2
netty	7	io.netty.util.AsciiStringUtil#isLowerCase(byte):boolean	io.netty.util.AsciiStringUtil.isLowerCase(byte)	5	4
netty	8	io.netty.util.NetUtil#toAddressString(byte[],int,boolean):String	io.netty.util.NetUtil.toAddressString(byte[], int, boolean)	6	2
netty	9	io.netty.util.internal.ReflectionUtil#resolveTypeParameter(Object,Class<?>,String):Class<?>	io.netty.util.internal.ReflectionUtil.resolveTypeParameter(java.lang.Object, java.lang.Class, java.lang.String)	6	3
netty	10	io.netty.util.AbstractConstant#hashCode():int	io.netty.util.AbstractConstant.hashCode()	1	2
