review_id	project	sample_index	method	program_point	java_expression
INV-0001	libgdx	2	com.badlogic.gdx.utils.JsonValue.getString(java.lang.String, java.lang.String)	com.badlogic.gdx.utils.JsonValue.getString(java.lang.String, java.lang.String):::EXIT	"""class"".equals(name)"
INV-0002	apollo	2	com.ctrip.framework.apollo.biz.service.InstanceService.findActiveInstanceConfigsByReleaseKey(java.lang.String, org.springframework.data.domain.Pageable)	com.ctrip.framework.apollo.biz.service.InstanceService.findActiveInstanceConfigsByReleaseKey(java.lang.String, org.springframework.data.domain.Pageable):::ENTER	pageable.getClass() == org.springframework.data.domain.PageRequest.class
INV-0003	hudi	3	org.apache.hudi.execution.JavaLazyInsertIterable.computeNext()	org.apache.hudi.execution.JavaLazyInsertIterable.computeNext():::EXIT	!this.taskContextSupplier.getClass().getName().equals(result.getClass().getName())
INV-0004	netty	6	io.netty.util.internal.ObjectUtil#checkNonEmpty(CharSequence,String):CharSequence	METHOD_EXIT	result.length() == value.length()
INV-0005	libgdx	2	com.badlogic.gdx.utils.JsonValue.getString(java.lang.String, java.lang.String)	com.badlogic.gdx.utils.JsonValue.getString(java.lang.String, java.lang.String):::ENTER	this.size == 2
INV-0006	libgdx	4	com.badlogic.gdx.utils.CharArray.substring(int, int)	com.badlogic.gdx.utils.CharArray.substring(int, int):::EXIT	this.ordered == true
INV-0007	hudi	1	org.apache.hudi.table.action.commit.JavaUpsertPartitioner#getSmallFilesForPartitions(List<String>,HoodieEngineContext):Map<String, List<SmallFile>>	METHOD_EXIT	(partitionPaths == null || partitionPaths.isEmpty()) == result.isEmpty()
INV-0008	apollo	9	com.ctrip.framework.apollo.biz.service.ItemService.getItemInfoBySearch(java.lang.String, java.lang.String, org.springframework.data.domain.Pageable)	com.ctrip.framework.apollo.biz.service.ItemService.getItemInfoBySearch(java.lang.String, java.lang.String, org.springframework.data.domain.Pageable):::EXIT	""""".equals(value) || ""v1"".equals(value)"
INV-0009	apollo	2	com.ctrip.framework.apollo.biz.service.InstanceService#findActiveInstanceConfigsByReleaseKey(String,Pageable):Page<InstanceConfig>	METHOD_ENTRY	releaseKey != null
INV-0010	apollo	9	com.ctrip.framework.apollo.biz.service.ItemService.getItemInfoBySearch(java.lang.String, java.lang.String, org.springframework.data.domain.Pageable)	com.ctrip.framework.apollo.biz.service.ItemService.getItemInfoBySearch(java.lang.String, java.lang.String, org.springframework.data.domain.Pageable):::ENTER	""""".equals(key) || ""k1"".equals(key)"
INV-0011	libgdx	10	com.badlogic.gdx.math.Polygon.setVertices(float[])	com.badlogic.gdx.math.Polygon.setVertices(float[]):::EXIT	java.util.Arrays.equals(this.localVertices, vertices)
INV-0012	apollo	5	com.ctrip.framework.apollo.biz.service.ItemService#checkItemKeyLength(String):boolean	METHOD_ENTRY	key == null || !key.isEmpty() || !key.isEmpty()
INV-0013	spring	3	org.springframework.core.convert.ConversionService#convert(Object,TypeDescriptor):Object	METHOD_ENTRY	(source == null) || source.getClass() != null
INV-0014	apollo	9	com.ctrip.framework.apollo.biz.service.ItemService.getItemInfoBySearch(java.lang.String, java.lang.String, org.springframework.data.domain.Pageable)	com.ctrip.framework.apollo.biz.service.ItemService.getItemInfoBySearch(java.lang.String, java.lang.String, org.springframework.data.domain.Pageable):::EXIT	""""".equals(key) || ""k1"".equals(key)"
INV-0015	dubbo	9	org.apache.dubbo.common.utils.Stack#peek():E	METHOD_EXIT	result != null
INV-0016	spring	2	org.springframework.core.convert.support.StringToArrayConverter#matches(TypeDescriptor,TypeDescriptor):boolean	METHOD_ENTRY	targetType != null
INV-0017	libgdx	8	com.badlogic.gdx.utils.CharArray#append(char[]):CharArray	METHOD_ENTRY	ch == null || ch.length == (ch.length)
INV-0018	libgdx	10	com.badlogic.gdx.math.Polygon#setVertices(float[]):void	METHOD_ENTRY	vertices != null
INV-0019	netty	6	io.netty.util.internal.ObjectUtil.checkNonEmpty(java.lang.CharSequence, java.lang.String)	io.netty.util.internal.ObjectUtil.checkNonEmpty(java.lang.CharSequence, java.lang.String):::ENTER	"""NOT_NULL"".equals(name.toString()) || ""NOT_NULL_BUT_EMPTY"".equals(name.toString())"
INV-0020	hudi	10	org.apache.hudi.table.action.commit.BaseJavaCommitActionExecutor.updateIndex(java.util.List, org.apache.hudi.table.action.HoodieWriteMetadata)	org.apache.hudi.table.action.commit.BaseJavaCommitActionExecutor.updateIndex(java.util.List, org.apache.hudi.table.action.HoodieWriteMetadata):::ENTER	!this.instantGenerator.getClass().getName().equals(writeStatuses.getClass().getName())
INV-0021	libgdx	1	com.badlogic.gdx.utils.CharArray#add(char,char):void	METHOD_EXIT	!(value1 < 0)
INV-0022	dubbo	8	org.apache.dubbo.common.utils.ArrayUtils#isEmpty(Object[]):boolean	METHOD_EXIT	!result || array == null || array.length == 0
INV-0023	apollo	9	com.ctrip.framework.apollo.biz.service.ItemService#getItemInfoBySearch(String,String,Pageable):Page<ItemInfoDTO>	METHOD_ENTRY	limit != null
INV-0024	netty	3	io.netty.util.AsciiStringUtil#toLowerCase(AsciiString):AsciiString	METHOD_ENTRY	string.length() >= 0
INV-0025	hudi	3	org.apache.hudi.execution.JavaLazyInsertIterable#computeNext():List<WriteStatus>	METHOD_EXIT	result != null
INV-0026	apollo	7	com.ctrip.framework.apollo.biz.registry.configuration.ApolloServiceDiscoveryAutoConfiguration#wrapMemoryCache(DatabaseDiscoveryClient):DatabaseDiscoveryClient	METHOD_ENTRY	discoveryClient != null
INV-0027	netty	9	io.netty.util.internal.ReflectionUtil.resolveTypeParameter(java.lang.Object, java.lang.Class, java.lang.String)	io.netty.util.internal.ReflectionUtil.resolveTypeParameter(java.lang.Object, java.lang.Class, java.lang.String):::ENTER	"typeParamName.toString().equals(""B"") || typeParamName.toString().equals(""C"") || typeParamName.toString().equals(""E"")"
INV-0028	hudi	10	org.apache.hudi.table.action.commit.BaseJavaCommitActionExecutor#updateIndex(List<WriteStatus>,HoodieWriteMetadata<List<WriteStatus>>):List<WriteStatus>	METHOD_ENTRY	writeStatuses != null
INV-0029	libgdx	8	com.badlogic.gdx.utils.CharArray#append(char[]):CharArray	METHOD_ENTRY	ch == null || ch.length >= 0
INV-0030	netty	4	io.netty.util.Signal#fillInStackTrace():Throwable	METHOD_EXIT	result.getCause() == null
INV-0031	apollo	5	com.ctrip.framework.apollo.biz.service.ItemService#checkItemKeyLength(String):boolean	METHOD_ENTRY	key != null || key == null
INV-0032	dubbo	4	org.apache.dubbo.common.utils.CollectionUtils.isEmptyMap(java.util.Map)	"org.apache.dubbo.common.utils.CollectionUtils.isEmptyMap(java.util.Map):::EXIT;condition=""return == true"""	result == true
INV-0033	libgdx	2	com.badlogic.gdx.utils.JsonValue#getString(String,String):String	METHOD_EXIT	result == defaultValue || (result != null && !result.isEmpty())
INV-0034	hudi	9	org.apache.hudi.table.action.commit.BaseJavaCommitActionExecutor.getPartitionToReplacedFileIds(org.apache.hudi.table.action.HoodieWriteMetadata)	org.apache.hudi.table.action.commit.BaseJavaCommitActionExecutor.getPartitionToReplacedFileIds(org.apache.hudi.table.action.HoodieWriteMetadata):::EXIT	!this.context.getClass().getName().equals(this.getClass().getName())
INV-0035	apollo	10	com.ctrip.framework.apollo.biz.entity.JpaMapFieldJsonConverter#convertToDatabaseColumn(Map<String, String>):String	METHOD_EXIT	"(attribute == null) || (!result.contains(""null""))"
INV-0036	hudi	9	org.apache.hudi.table.action.commit.BaseJavaCommitActionExecutor.getPartitionToReplacedFileIds(org.apache.hudi.table.action.HoodieWriteMetadata)	org.apache.hudi.table.action.commit.BaseJavaCommitActionExecutor.getPartitionToReplacedFileIds(org.apache.hudi.table.action.HoodieWriteMetadata):::EXIT	!this.instantFileNameGenerator.getClass().getName().equals(result.getClass().getName())
INV-0037	spring	2	org.springframework.core.convert.support.StringToArrayConverter.matches(org.springframework.core.convert.TypeDescriptor, org.springframework.core.convert.TypeDescriptor)	org.springframework.core.convert.support.StringToArrayConverter.matches(org.springframework.core.convert.TypeDescriptor, org.springframework.core.convert.TypeDescriptor):::EXIT	result || (this.conversionService.getClass() == org.springframework.core.convert.support.GenericConversionService.class)
INV-0038	spring	6	org.springframework.core.convert.support.ObjectToCollectionConverter#getConvertibleTypes():Set<ConvertiblePair>	METHOD_EXIT	!result.isEmpty()
INV-0039	netty	1	io.netty.util.concurrent.FastThreadLocalThread#setThreadLocalMap(InternalThreadLocalMap):void	METHOD_ENTRY	threadLocalMap != null || threadLocalMap == null
INV-0040	dubbo	10	org.apache.dubbo.common.utils.LogHelper.error(org.apache.dubbo.common.logger.Logger, java.lang.String, java.lang.Throwable)	org.apache.dubbo.common.utils.LogHelper.error(org.apache.dubbo.common.logger.Logger, java.lang.String, java.lang.Throwable):::ENTER	"logger.getClass().getName().equals(""org.apache.dubbo.common.logger.Logger$MockitoMock$jZMOTlpe"")"
INV-0041	apollo	2	com.ctrip.framework.apollo.biz.service.InstanceService#findActiveInstanceConfigsByReleaseKey(String,Pageable):Page<InstanceConfig>	METHOD_ENTRY	pageable.getPageNumber() >= 0
INV-0042	apollo	5	com.ctrip.framework.apollo.biz.service.ItemService#checkItemKeyLength(String):boolean	METHOD_EXIT	result == true
INV-0043	spring	3	org.springframework.core.convert.ConversionService#convert(Object,TypeDescriptor):Object	METHOD_EXIT	(source == null && result == null) || (source != null)
INV-0044	apollo	8	com.ctrip.framework.apollo.biz.service.ItemSetService.updateSet(java.lang.String, java.lang.String, java.lang.String, com.ctrip.framework.apollo.common.dto.ItemChangeSets)	com.ctrip.framework.apollo.biz.service.ItemSetService.updateSet(java.lang.String, java.lang.String, java.lang.String, com.ctrip.framework.apollo.common.dto.ItemChangeSets):::EXIT	java.util.Objects.equals(changeSet.dataChangeCreatedBy, result.dataChangeLastModifiedByDisplayName)
INV-0045	netty	6	io.netty.util.internal.ObjectUtil#checkNonEmpty(CharSequence,String):CharSequence	METHOD_EXIT	result == value
INV-0046	spring	10	org.springframework.core.convert.support.EnumToStringConverter.convert(java.lang.Enum)	org.springframework.core.convert.support.EnumToStringConverter.convert(java.lang.Enum):::EXIT	"""A"".equals(result) || ""BAR"".equals(result) || ""FIRST"".equals(result)"
INV-0047	hudi	9	org.apache.hudi.table.action.commit.BaseJavaCommitActionExecutor#getPartitionToReplacedFileIds(HoodieWriteMetadata<List<WriteStatus>>):Map<String, List<String>>	METHOD_EXIT	result.isEmpty()
INV-0048	netty	6	io.netty.util.internal.ObjectUtil.checkNonEmpty(java.lang.CharSequence, java.lang.String)	io.netty.util.internal.ObjectUtil.checkNonEmpty(java.lang.CharSequence, java.lang.String):::ENTER	value.getClass() == String.class
INV-0049	netty	3	io.netty.util.AsciiStringUtil#toLowerCase(AsciiString):AsciiString	METHOD_EXIT	result.toString().equals(string.toString().toLowerCase())
INV-0050	hudi	8	org.apache.hudi.client.common.HoodieJavaEngineContext#getReaderContextFactory(HoodieTableMetaClient):ReaderContextFactory<IndexedRecord>	METHOD_ENTRY	metaClient.getBasePath() != null
INV-0051	apollo	8	com.ctrip.framework.apollo.biz.service.ItemSetService.updateSet(java.lang.String, java.lang.String, java.lang.String, com.ctrip.framework.apollo.common.dto.ItemChangeSets)	com.ctrip.framework.apollo.biz.service.ItemSetService.updateSet(java.lang.String, java.lang.String, java.lang.String, com.ctrip.framework.apollo.common.dto.ItemChangeSets):::EXIT	changeSet.createItems.size() == result.createItems.size() && java.util.stream.IntStream.range(0, changeSet.createItems.size()).allMatch(i -> changeSet.createItems.get(i) == result.createItems.get(i))
INV-0052	libgdx	10	com.badlogic.gdx.math.Polygon#setVertices(float[]):void	METHOD_EXIT	vertices != null
INV-0053	netty	7	io.netty.util.AsciiStringUtil#isLowerCase(byte):boolean	METHOD_EXIT	result == (value >= 97 && value <= 122)
INV-0054	hudi	1	org.apache.hudi.table.action.commit.JavaUpsertPartitioner#getSmallFilesForPartitions(List<String>,HoodieEngineContext):Map<String, List<SmallFile>>	METHOD_EXIT	result != null
INV-0055	netty	3	io.netty.util.AsciiStringUtil.toLowerCase(io.netty.util.AsciiString)	io.netty.util.AsciiStringUtil.toLowerCase(io.netty.util.AsciiString):::EXIT	java.util.Arrays.equals(string.array(), new byte[] {84, 104, 105, 115, 32, 105, 115, 32, 97, 32, 116, 101, 115, 84}) || java.util.Arrays.equals(string.array(), new byte[] {84, 104, 105, 115, 32, 105, 115, 32, 97, 32, 116, 101, 115, 116, 32, 102, 111, 114, 32, 108, 111, 110, 103, 101, 114, 32, 115, 101, 113, 117, 101, 110, 99, 101, 115}) || java.util.Arrays.equals(string.array(), new byte[] {84, 104, 105, 115, 32, 105, 115, 32, 97, 32, 116, 101, 115, 116, 33})
INV-0056	libgdx	6	com.badlogic.gdx.utils.JsonReader#parse(char[],int,int):JsonValue	METHOD_ENTRY	data != null
INV-0057	libgdx	3	com.badlogic.gdx.utils.CharArray.incr(int, char)	com.badlogic.gdx.utils.CharArray.incr(int, char):::EXIT	com.badlogic.gdx.utils.CharArray.FALSE_STRING_SIZE == this.size
INV-0058	libgdx	3	com.badlogic.gdx.utils.CharArray.incr(int, char)	com.badlogic.gdx.utils.CharArray.incr(int, char):::ENTER	value == 1
INV-0059	libgdx	1	com.badlogic.gdx.utils.CharArray.add(char, char)	com.badlogic.gdx.utils.CharArray.add(char, char):::EXIT	java.util.Arrays.equals(this.items, new char[] {97, 98, 99, 0, 0, 0, 0, 0, 0, 0, 0, 0, 0, 0, 0, 0})
INV-0060	libgdx	2	com.badlogic.gdx.utils.JsonValue.getString(java.lang.String, java.lang.String)	com.badlogic.gdx.utils.JsonValue.getString(java.lang.String, java.lang.String):::ENTER	this.parent == this.prev
INV-0061	hudi	2	org.apache.hudi.table.HoodieJavaMergeOnReadTable#scheduleCompaction(HoodieEngineContext,String,Option<Map<String, String>>):Option<HoodieCompactionPlan>	METHOD_ENTRY	context != null
INV-0062	hudi	3	org.apache.hudi.execution.JavaLazyInsertIterable.computeNext()	org.apache.hudi.execution.JavaLazyInsertIterable.computeNext():::EXIT	result.stream().allMatch(element -> element != null)
INV-0063	hudi	4	org.apache.hudi.table.action.commit.BaseJavaCommitActionExecutor#handleUpsertPartition(String,Integer,Iterator,Partitioner):Iterator<List<WriteStatus>>	METHOD_ENTRY	partitioner != null
INV-0064	dubbo	4	org.apache.dubbo.common.utils.CollectionUtils.isEmptyMap(java.util.Map)	"org.apache.dubbo.common.utils.CollectionUtils.isEmptyMap(java.util.Map):::EXIT;condition=""not(return == true)"""	result == false
INV-0065	libgdx	10	com.badlogic.gdx.math.Polygon.setVertices(float[])	com.badlogic.gdx.math.Polygon.setVertices(float[]):::ENTER	this.x == this.originX
INV-0066	spring	7	org.springframework.core.convert.support.IdToEntityConverter.getEntityName(java.lang.Class)	org.springframework.core.convert.support.IdToEntityConverter.getEntityName(java.lang.Class):::EXIT106	this.conversionService.getClass() == org.springframework.core.convert.support.DefaultConversionService.class
INV-0067	libgdx	10	com.badlogic.gdx.math.Polygon.setVertices(float[])	com.badlogic.gdx.math.Polygon.setVertices(float[]):::ENTER	this.worldVertices == null
INV-0068	hudi	8	org.apache.hudi.client.common.HoodieJavaEngineContext#getReaderContextFactory(HoodieTableMetaClient):ReaderContextFactory<IndexedRecord>	METHOD_ENTRY	metaClient != null
INV-0069	spring	6	org.springframework.core.convert.support.ObjectToCollectionConverter#getConvertibleTypes():Set<ConvertiblePair>	METHOD_EXIT	result.size() == 1
INV-0070	hudi	2	org.apache.hudi.table.HoodieJavaMergeOnReadTable.scheduleCompaction(org.apache.hudi.common.engine.HoodieEngineContext, java.lang.String, org.apache.hudi.common.util.Option)	org.apache.hudi.table.HoodieJavaMergeOnReadTable.scheduleCompaction(org.apache.hudi.common.engine.HoodieEngineContext, java.lang.String, org.apache.hudi.common.util.Option):::ENTER	this.index == null
INV-0071	libgdx	6	com.badlogic.gdx.utils.JsonReader.parse(char[], int, int)	com.badlogic.gdx.utils.JsonReader.parse(char[], int, int):::EXIT	true
INV-0072	hudi	6	org.apache.hudi.table.HoodieJavaTable#create(HoodieWriteConfig,HoodieEngineContext):HoodieJavaTable<T>	METHOD_ENTRY	context != null
INV-0073	libgdx	2	com.badlogic.gdx.utils.JsonValue.getString(java.lang.String, java.lang.String)	com.badlogic.gdx.utils.JsonValue.getString(java.lang.String, java.lang.String):::EXIT	result == null
INV-0074	netty	3	io.netty.util.AsciiStringUtil#toLowerCase(AsciiString):AsciiString	METHOD_ENTRY	string.arrayOffset() >= 0
INV-0075	dubbo	3	org.apache.dubbo.common.utils.FieldUtils#getFieldValue(Object,String):Object	METHOD_EXIT	object != null || result == null
INV-0076	netty	3	io.netty.util.AsciiStringUtil.toLowerCase(io.netty.util.AsciiString)	io.netty.util.AsciiStringUtil.toLowerCase(io.netty.util.AsciiString):::EXIT	"io.netty.util.AsciiString.CASE_SENSITIVE_HASHER.getClass().getName().equals(""io.netty.util.AsciiString$2"")"
INV-0077	apollo	5	com.ctrip.framework.apollo.biz.service.ItemService.checkItemKeyLength(java.lang.String)	com.ctrip.framework.apollo.biz.service.ItemService.checkItemKeyLength(java.lang.String):::EXIT	result == true
INV-0078	apollo	9	com.ctrip.framework.apollo.biz.service.ItemService.getItemInfoBySearch(java.lang.String, java.lang.String, org.springframework.data.domain.Pageable)	com.ctrip.framework.apollo.biz.service.ItemService.getItemInfoBySearch(java.lang.String, java.lang.String, org.springframework.data.domain.Pageable):::EXIT	"this.itemRepository.getClass().getName().equals(""jdk.proxy2.$Proxy258"")"
INV-0079	netty	4	io.netty.util.Signal.fillInStackTrace()	io.netty.util.Signal.fillInStackTrace():::EXIT	this.constant == null
INV-0080	spring	3	org.springframework.core.convert.ConversionService#convert(Object,TypeDescriptor):Object	METHOD_ENTRY	targetType != null
INV-0081	apollo	4	com.ctrip.framework.apollo.biz.entity.Item#setLineNum(Integer):void	METHOD_EXIT	lineNum == null || lineNum.compareTo(0) >= 0
INV-0082	apollo	10	com.ctrip.framework.apollo.biz.entity.JpaMapFieldJsonConverter#convertToDatabaseColumn(Map<String, String>):String	METHOD_EXIT	!result.isEmpty() || (attribute == null || attribute.isEmpty())
INV-0083	dubbo	1	org.apache.dubbo.common.utils.IOUtils.readLines(java.io.File)	org.apache.dubbo.common.utils.IOUtils.readLines(java.io.File):::EXIT	result.getClass() == String[].class
INV-0084	spring	4	org.springframework.core.convert.support.StringToPropertiesConverter#convert(String):Properties	METHOD_EXIT	result.isEmpty() == (source.isEmpty())
INV-0085	netty	3	io.netty.util.AsciiStringUtil#toLowerCase(AsciiString):AsciiString	METHOD_ENTRY	string.arrayOffset() + string.length() <= string.array().length
INV-0086	libgdx	4	com.badlogic.gdx.utils.CharArray.substring(int, int)	com.badlogic.gdx.utils.CharArray.substring(int, int):::EXIT	this.size == 4 || this.size == 12
INV-0087	hudi	9	org.apache.hudi.table.action.commit.BaseJavaCommitActionExecutor.getPartitionToReplacedFileIds(org.apache.hudi.table.action.HoodieWriteMetadata)	org.apache.hudi.table.action.commit.BaseJavaCommitActionExecutor.getPartitionToReplacedFileIds(org.apache.hudi.table.action.HoodieWriteMetadata):::EXIT	!this.table.getClass().getName().equals(result.getClass().getName())
INV-0088	hudi	1	org.apache.hudi.table.action.commit.JavaUpsertPartitioner.getSmallFilesForPartitions(java.util.List, org.apache.hudi.common.engine.HoodieEngineContext)	org.apache.hudi.table.action.commit.JavaUpsertPartitioner.getSmallFilesForPartitions(java.util.List, org.apache.hudi.common.engine.HoodieEngineContext):::EXIT	this.smallFiles.size() <= partitionPaths.size() - 1
INV-0089	netty	7	io.netty.util.AsciiStringUtil.isLowerCase(byte)	io.netty.util.AsciiStringUtil.isLowerCase(byte):::EXIT	(result != false) || (io.netty.util.AsciiStringUtil.$assertionsDisabled == result)
INV-0090	dubbo	8	org.apache.dubbo.common.utils.ArrayUtils.isEmpty(java.lang.Object[])	org.apache.dubbo.common.utils.ArrayUtils.isEmpty(java.lang.Object[]):::EXIT	array.length == 0
INV-0091	hudi	6	org.apache.hudi.table.HoodieJavaTable.create(org.apache.hudi.config.HoodieWriteConfig, org.apache.hudi.common.engine.HoodieEngineContext)	org.apache.hudi.table.HoodieJavaTable.create(org.apache.hudi.config.HoodieWriteConfig, org.apache.hudi.common.engine.HoodieEngineContext):::EXIT	result != null
INV-0092	hudi	8	org.apache.hudi.client.common.HoodieJavaEngineContext.getReaderContextFactory(org.apache.hudi.common.table.HoodieTableMetaClient)	org.apache.hudi.client.common.HoodieJavaEngineContext.getReaderContextFactory(org.apache.hudi.common.table.HoodieTableMetaClient):::EXIT	!this.taskContextSupplier.getClass().getName().equals(result.getClass().getName())
INV-0093	dubbo	8	org.apache.dubbo.common.utils.ArrayUtils#isEmpty(Object[]):boolean	METHOD_ENTRY	array == null || array.length == 0 || array.length > 0
INV-0094	netty	7	io.netty.util.AsciiStringUtil.isLowerCase(byte)	"io.netty.util.AsciiStringUtil.isLowerCase(byte):::EXIT;condition=""not(return == true)"""	io.netty.util.AsciiStringUtil.$assertionsDisabled == result
INV-0095	spring	7	org.springframework.core.convert.support.IdToEntityConverter.getEntityName(java.lang.Class)	org.springframework.core.convert.support.IdToEntityConverter.getEntityName(java.lang.Class):::EXIT	result != null
INV-0096	libgdx	6	com.badlogic.gdx.utils.JsonReader#parse(char[],int,int):JsonValue	METHOD_ENTRY	offset >= 0
INV-0097	hudi	10	org.apache.hudi.table.action.commit.BaseJavaCommitActionExecutor.updateIndex(java.util.List, org.apache.hudi.table.action.HoodieWriteMetadata)	org.apache.hudi.table.action.commit.BaseJavaCommitActionExecutor.updateIndex(java.util.List, org.apache.hudi.table.action.HoodieWriteMetadata):::EXIT	!this.pendingInflightAndRequestedInstants.getClass().getName().equals(result.getClass().getName())
INV-0098	netty	2	io.netty.util.DomainNameMapping#needsNormalization(String):boolean	METHOD_EXIT	!result || hostname.length() > 0
INV-0099	hudi	2	org.apache.hudi.table.HoodieJavaMergeOnReadTable.scheduleCompaction(org.apache.hudi.common.engine.HoodieEngineContext, java.lang.String, org.apache.hudi.common.util.Option)	org.apache.hudi.table.HoodieJavaMergeOnReadTable.scheduleCompaction(org.apache.hudi.common.engine.HoodieEngineContext, java.lang.String, org.apache.hudi.common.util.Option):::EXIT	this.isMetadataTableExists == false
INV-0100	hudi	2	org.apache.hudi.table.HoodieJavaMergeOnReadTable#scheduleCompaction(HoodieEngineContext,String,Option<Map<String, String>>):Option<HoodieCompactionPlan>	METHOD_ENTRY	(!extraMetadata.isPresent() || extraMetadata.get() != null)
INV-0101	libgdx	1	com.badlogic.gdx.utils.CharArray#add(char,char):void	METHOD_EXIT	value1 != value2
INV-0102	libgdx	2	com.badlogic.gdx.utils.JsonValue#getString(String,String):String	METHOD_ENTRY	defaultValue == null || true
INV-0103	dubbo	10	org.apache.dubbo.common.utils.LogHelper#error(Logger,String,Throwable):void	METHOD_EXIT	logger == null || logger.isErrorEnabled()
INV-0104	netty	3	io.netty.util.AsciiStringUtil.toLowerCase(io.netty.util.AsciiString)	io.netty.util.AsciiStringUtil.toLowerCase(io.netty.util.AsciiString):::ENTER	"io.netty.util.AsciiString.CASE_SENSITIVE_HASHER.getClass().getName().equals(""io.netty.util.AsciiString$2"")"
INV-0105	netty	3	io.netty.util.AsciiStringUtil.toLowerCase(io.netty.util.AsciiString)	io.netty.util.AsciiStringUtil.toLowerCase(io.netty.util.AsciiString):::EXIT	io.netty.util.AsciiString.EMPTY_STRING.arrayOffset() == string.arrayOffset()
INV-0106	apollo	8	com.ctrip.framework.apollo.biz.service.ItemSetService.updateSet(java.lang.String, java.lang.String, java.lang.String, com.ctrip.framework.apollo.common.dto.ItemChangeSets)	com.ctrip.framework.apollo.biz.service.ItemSetService.updateSet(java.lang.String, java.lang.String, java.lang.String, com.ctrip.framework.apollo.common.dto.ItemChangeSets):::EXIT	this.bizConfig.splitter == null
INV-0107	dubbo	4	org.apache.dubbo.common.utils.CollectionUtils#isEmptyMap(Map):boolean	METHOD_EXIT	result || (map != null && !map.isEmpty())
INV-0108	apollo	10	com.ctrip.framework.apollo.biz.entity.JpaMapFieldJsonConverter.convertToDatabaseColumn(java.util.Map)	com.ctrip.framework.apollo.biz.entity.JpaMapFieldJsonConverter.convertToDatabaseColumn(java.util.Map):::ENTER	!com.ctrip.framework.apollo.biz.entity.JpaMapFieldJsonConverter.TYPE_TOKEN.getClass().getName().equals(attribute.getClass().getName())
INV-0109	libgdx	10	com.badlogic.gdx.math.Polygon#setVertices(float[]):void	METHOD_EXIT	vertices.length % 2 == 0
INV-0110	apollo	9	com.ctrip.framework.apollo.biz.service.ItemService.getItemInfoBySearch(java.lang.String, java.lang.String, org.springframework.data.domain.Pageable)	com.ctrip.framework.apollo.biz.service.ItemService.getItemInfoBySearch(java.lang.String, java.lang.String, org.springframework.data.domain.Pageable):::ENTER	""""".equals(value) || ""v1"".equals(value)"
INV-0111	hudi	9	org.apache.hudi.table.action.commit.BaseJavaCommitActionExecutor#getPartitionToReplacedFileIds(HoodieWriteMetadata<List<WriteStatus>>):Map<String, List<String>>	METHOD_EXIT	result != null
INV-0112	libgdx	8	com.badlogic.gdx.utils.CharArray.append(char[])	com.badlogic.gdx.utils.CharArray.append(char[]):::EXIT	java.util.Arrays.equals(this.items, new char[] {84, 101, 115, 116, 32, 49, 50, 51, 0, 0, 0, 0, 0, 0, 0, 0}) || java.util.Arrays.equals(this.items, new char[] {55357, 56832, 0, 0, 0, 0, 0, 0, 0, 0, 0, 0, 0, 0, 0, 0})
INV-0113	dubbo	3	org.apache.dubbo.common.utils.FieldUtils.getFieldValue(java.lang.Object, java.lang.String)	org.apache.dubbo.common.utils.FieldUtils.getFieldValue(java.lang.Object, java.lang.String):::EXIT	"""a"".equals(fieldName) || ""b"".equals(fieldName)"
INV-0114	hudi	6	org.apache.hudi.table.HoodieJavaTable.create(org.apache.hudi.config.HoodieWriteConfig, org.apache.hudi.common.engine.HoodieEngineContext)	org.apache.hudi.table.HoodieJavaTable.create(org.apache.hudi.config.HoodieWriteConfig, org.apache.hudi.common.engine.HoodieEngineContext):::ENTER	config != null
INV-0115	spring	8	org.springframework.core.convert.support.AbstractConditionalEnumConverter.matches(org.springframework.core.convert.TypeDescriptor, org.springframework.core.convert.TypeDescriptor)	org.springframework.core.convert.support.AbstractConditionalEnumConverter.matches(org.springframework.core.convert.TypeDescriptor, org.springframework.core.convert.TypeDescriptor):::EXIT	result == true
INV-0116	spring	2	org.springframework.core.convert.support.StringToArrayConverter.matches(org.springframework.core.convert.TypeDescriptor, org.springframework.core.convert.TypeDescriptor)	"org.springframework.core.convert.support.StringToArrayConverter.matches(org.springframework.core.convert.TypeDescriptor, org.springframework.core.convert.TypeDescriptor):::EXIT;condition=""not(return == true)"""	this.conversionService.getClass() == org.springframework.core.convert.support.GenericConversionService.class
INV-0117	dubbo	2	org.apache.dubbo.common.utils.ReflectUtils#getName(Method):String	METHOD_ENTRY	m != null
INV-0118	apollo	10	com.ctrip.framework.apollo.biz.entity.JpaMapFieldJsonConverter#convertToDatabaseColumn(Map<String, String>):String	METHOD_EXIT	attribute == null || result.length() >= 2
INV-0119	netty	8	io.netty.util.NetUtil#toAddressString(byte[],int,boolean):String	METHOD_ENTRY	ipv4Mapped == true || ipv4Mapped == false
INV-0120	dubbo	3	org.apache.dubbo.common.utils.FieldUtils#getFieldValue(Object,String):Object	METHOD_ENTRY	(object == null) || (!fieldName.isEmpty())
INV-0121	hudi	8	org.apache.hudi.client.common.HoodieJavaEngineContext.getReaderContextFactory(org.apache.hudi.common.table.HoodieTableMetaClient)	org.apache.hudi.client.common.HoodieJavaEngineContext.getReaderContextFactory(org.apache.hudi.common.table.HoodieTableMetaClient):::EXIT	!this.storageConf.getClass().getName().equals(result.getClass().getName())
INV-0122	spring	3	org.springframework.core.convert.ConversionService.convert(java.lang.Object, org.springframework.core.convert.TypeDescriptor)	org.springframework.core.convert.ConversionService.convert(java.lang.Object, org.springframework.core.convert.TypeDescriptor):::ENTER	!this.getClass().getName().equals(source.getClass().getName())
INV-0123	apollo	8	com.ctrip.framework.apollo.biz.service.ItemSetService#updateSet(String,String,String,ItemChangeSets):ItemChangeSets	METHOD_ENTRY	appId != null
INV-0124	apollo	8	com.ctrip.framework.apollo.biz.service.ItemSetService#updateSet(String,String,String,ItemChangeSets):ItemChangeSets	METHOD_EXIT	changeSet != null && result == changeSet
INV-0125	hudi	1	org.apache.hudi.table.action.commit.JavaUpsertPartitioner.getSmallFilesForPartitions(java.util.List, org.apache.hudi.common.engine.HoodieEngineContext)	org.apache.hudi.table.action.commit.JavaUpsertPartitioner.getSmallFilesForPartitions(java.util.List, org.apache.hudi.common.engine.HoodieEngineContext):::EXIT	this.smallFiles.isEmpty()
INV-0126	dubbo	3	org.apache.dubbo.common.utils.FieldUtils.getFieldValue(java.lang.Object, java.lang.String)	org.apache.dubbo.common.utils.FieldUtils.getFieldValue(java.lang.Object, java.lang.String):::EXIT	result.getClass() == java.lang.String.class
INV-0127	netty	6	io.netty.util.internal.ObjectUtil#checkNonEmpty(CharSequence,String):CharSequence	METHOD_ENTRY	name != null
INV-0128	libgdx	1	com.badlogic.gdx.utils.CharArray.add(char, char)	com.badlogic.gdx.utils.CharArray.add(char, char):::ENTER	value1 == 98
INV-0129	hudi	9	org.apache.hudi.table.action.commit.BaseJavaCommitActionExecutor.getPartitionToReplacedFileIds(org.apache.hudi.table.action.HoodieWriteMetadata)	org.apache.hudi.table.action.commit.BaseJavaCommitActionExecutor.getPartitionToReplacedFileIds(org.apache.hudi.table.action.HoodieWriteMetadata):::EXIT	!this.instantGenerator.getClass().getName().equals(this.getClass().getName())
INV-0130	libgdx	7	com.badlogic.gdx.utils.LongQueue.equals(java.lang.Object)	com.badlogic.gdx.utils.LongQueue.equals(java.lang.Object):::EXIT	(!(result == false)) || java.util.Arrays.stream(this.values).allMatch(element -> element == 0 || element == 1 || element == 2)
INV-0131	apollo	5	com.ctrip.framework.apollo.biz.service.ItemService.checkItemKeyLength(java.lang.String)	com.ctrip.framework.apollo.biz.service.ItemService.checkItemKeyLength(java.lang.String):::EXIT	"""k3"".equals(key.toString()) || ""k6"".equals(key.toString()) || ""k7"".equals(key.toString())"
INV-0132	dubbo	7	org.apache.dubbo.common.io.UnsafeByteArrayOutputStream.toString()	org.apache.dubbo.common.io.UnsafeByteArrayOutputStream.toString():::ENTER	this.mCount == 3
INV-0133	apollo	9	com.ctrip.framework.apollo.biz.service.ItemService#getItemInfoBySearch(String,String,Pageable):Page<ItemInfoDTO>	METHOD_ENTRY	!(key.isEmpty() && value.isEmpty())
INV-0134	apollo	2	com.ctrip.framework.apollo.biz.service.InstanceService.findActiveInstanceConfigsByReleaseKey(java.lang.String, org.springframework.data.domain.Pageable)	com.ctrip.framework.apollo.biz.service.InstanceService.findActiveInstanceConfigsByReleaseKey(java.lang.String, org.springframework.data.domain.Pageable):::ENTER	"releaseKey.toString().equals(""someReleaseKey"")"
INV-0135	libgdx	1	com.badlogic.gdx.utils.CharArray.add(char, char)	com.badlogic.gdx.utils.CharArray.add(char, char):::ENTER	value2 == 99
INV-0136	dubbo	9	org.apache.dubbo.common.utils.Stack.peek()	org.apache.dubbo.common.utils.Stack.peek():::ENTER	this.mElements.stream().allMatch(e -> e.getClass() == java.lang.String.class)
INV-0137	hudi	1	org.apache.hudi.table.action.commit.JavaUpsertPartitioner.getSmallFilesForPartitions(java.util.List, org.apache.hudi.common.engine.HoodieEngineContext)	org.apache.hudi.table.action.commit.JavaUpsertPartitioner.getSmallFilesForPartitions(java.util.List, org.apache.hudi.common.engine.HoodieEngineContext):::ENTER	partitionPaths != null
INV-0138	libgdx	4	com.badlogic.gdx.utils.CharArray#substring(int,int):String	METHOD_EXIT	start >= 0 && end >= start && result != null
INV-0139	hudi	2	org.apache.hudi.table.HoodieJavaMergeOnReadTable#scheduleCompaction(HoodieEngineContext,String,Option<Map<String, String>>):Option<HoodieCompactionPlan>	METHOD_ENTRY	extraMetadata != null
INV-0140	libgdx	1	com.badlogic.gdx.utils.CharArray.add(char, char)	com.badlogic.gdx.utils.CharArray.add(char, char):::ENTER	java.util.Arrays.equals(this.items, new char[] {97, 0, 0, 0, 0, 0, 0, 0, 0, 0, 0, 0, 0, 0, 0, 0})
INV-0141	dubbo	2	org.apache.dubbo.common.utils.ReflectUtils.getName(java.lang.reflect.Method)	org.apache.dubbo.common.utils.ReflectUtils.getName(java.lang.reflect.Method):::EXIT	"""java.util.List hello(int[])"".equals(result)"
INV-0142	netty	1	io.netty.util.concurrent.FastThreadLocalThread.setThreadLocalMap(io.netty.util.internal.InternalThreadLocalMap)	io.netty.util.concurrent.FastThreadLocalThread.setThreadLocalMap(io.netty.util.internal.InternalThreadLocalMap):::EXIT	threadLocalMap.futureListenerStackDepth == threadLocalMap.rp2
INV-0143	libgdx	8	com.badlogic.gdx.utils.CharArray#append(char[]):CharArray	METHOD_ENTRY	ch == null || ch.getClass().isArray()
INV-0144	netty	8	io.netty.util.NetUtil#toAddressString(byte[],int,boolean):String	METHOD_ENTRY	offset >= 0
INV-0145	libgdx	6	com.badlogic.gdx.utils.JsonReader#parse(char[],int,int):JsonValue	METHOD_ENTRY	data.length >= 0
INV-0146	spring	9	org.springframework.core.convert.support.ObjectToCollectionConverter#matches(TypeDescriptor,TypeDescriptor):boolean	METHOD_ENTRY	sourceType != null
INV-0147	spring	2	org.springframework.core.convert.support.StringToArrayConverter#matches(TypeDescriptor,TypeDescriptor):boolean	METHOD_ENTRY	sourceType != null
INV-0148	libgdx	2	com.badlogic.gdx.utils.JsonValue.getString(java.lang.String, java.lang.String)	com.badlogic.gdx.utils.JsonValue.getString(java.lang.String, java.lang.String):::ENTER	this.parent == this.next
INV-0149	dubbo	5	org.apache.dubbo.common.utils.MethodUtils#excludedDeclaredClass(Class<?>):Predicate<Method>	METHOD_ENTRY	declaredClass.getName() != null
INV-0150	spring	2	org.springframework.core.convert.support.StringToArrayConverter.matches(org.springframework.core.convert.TypeDescriptor, org.springframework.core.convert.TypeDescriptor)	"org.springframework.core.convert.support.StringToArrayConverter.matches(org.springframework.core.convert.TypeDescriptor, org.springframework.core.convert.TypeDescriptor):::EXIT;condition=""return == true"""	result == true
INV-0151	netty	8	io.netty.util.NetUtil.toAddressString(byte[], int, boolean)	io.netty.util.NetUtil.toAddressString(byte[], int, boolean):::EXIT	java.util.stream.IntStream.range(0, bytes.length).allMatch(i -> bytes[i] < io.netty.util.NetUtil.SOMAXCONN)
INV-0152	apollo	4	com.ctrip.framework.apollo.biz.entity.Item.setLineNum(java.lang.Integer)	com.ctrip.framework.apollo.biz.entity.Item.setLineNum(java.lang.Integer):::ENTER	this.dataChangeCreatedBy == null
INV-0153	netty	6	io.netty.util.internal.ObjectUtil#checkNonEmpty(CharSequence,String):CharSequence	METHOD_ENTRY	name.length() >= 0
INV-0154	spring	3	org.springframework.core.convert.ConversionService.convert(java.lang.Object, org.springframework.core.convert.TypeDescriptor)	org.springframework.core.convert.ConversionService.convert(java.lang.Object, org.springframework.core.convert.TypeDescriptor):::EXIT	result != null
INV-0155	hudi	4	org.apache.hudi.table.action.commit.BaseJavaCommitActionExecutor#handleUpsertPartition(String,Integer,Iterator,Partitioner):Iterator<List<WriteStatus>>	METHOD_ENTRY	instantTime != null
INV-0156	apollo	2	com.ctrip.framework.apollo.biz.service.InstanceService.findActiveInstanceConfigsByReleaseKey(java.lang.String, org.springframework.data.domain.Pageable)	com.ctrip.framework.apollo.biz.service.InstanceService.findActiveInstanceConfigsByReleaseKey(java.lang.String, org.springframework.data.domain.Pageable):::EXIT	"releaseKey.toString().equals(""someReleaseKey"")"
INV-0157	apollo	9	com.ctrip.framework.apollo.biz.service.ItemService#getItemInfoBySearch(String,String,Pageable):Page<ItemInfoDTO>	METHOD_ENTRY	key != null
INV-0158	hudi	2	org.apache.hudi.table.HoodieJavaMergeOnReadTable#scheduleCompaction(HoodieEngineContext,String,Option<Map<String, String>>):Option<HoodieCompactionPlan>	METHOD_EXIT	!result.isPresent() || result.get() != null
INV-0159	libgdx	6	com.badlogic.gdx.utils.JsonReader.parse(char[], int, int)	com.badlogic.gdx.utils.JsonReader.parse(char[], int, int):::EXIT	this.root == this.current
INV-0160	netty	8	io.netty.util.NetUtil.toAddressString(byte[], int, boolean)	io.netty.util.NetUtil.toAddressString(byte[], int, boolean):::ENTER	java.util.stream.IntStream.range(0, bytes.length).allMatch(i -> bytes[i] < io.netty.util.NetUtil.SOMAXCONN)
INV-0161	hudi	10	org.apache.hudi.table.action.commit.BaseJavaCommitActionExecutor#updateIndex(List<WriteStatus>,HoodieWriteMetadata<List<WriteStatus>>):List<WriteStatus>	METHOD_ENTRY	(!writeStatuses.isEmpty() || writeStatuses.isEmpty())
INV-0162	apollo	4	com.ctrip.framework.apollo.biz.entity.Item#setLineNum(Integer):void	METHOD_ENTRY	lineNum == null || lineNum.intValue() >= 0
INV-0163	hudi	1	org.apache.hudi.table.action.commit.JavaUpsertPartitioner.getSmallFilesForPartitions(java.util.List, org.apache.hudi.common.engine.HoodieEngineContext)	org.apache.hudi.table.action.commit.JavaUpsertPartitioner.getSmallFilesForPartitions(java.util.List, org.apache.hudi.common.engine.HoodieEngineContext):::ENTER	context != null
INV-0164	hudi	3	org.apache.hudi.execution.JavaLazyInsertIterable.computeNext()	org.apache.hudi.execution.JavaLazyInsertIterable.computeNext():::EXIT	!this.inputItr.getClass().getName().equals(result.getClass().getName())
INV-0165	libgdx	1	com.badlogic.gdx.utils.CharArray.add(char, char)	com.badlogic.gdx.utils.CharArray.add(char, char):::ENTER	java.util.stream.IntStream.range(0, this.items.length).allMatch(i -> this.items[i] == 0 || this.items[i] == 97)
INV-0166	libgdx	1	com.badlogic.gdx.utils.CharArray.add(char, char)	com.badlogic.gdx.utils.CharArray.add(char, char):::EXIT	this.ordered == true
INV-0167	libgdx	7	com.badlogic.gdx.utils.LongQueue#equals(Object):boolean	METHOD_ENTRY	o != null
INV-0168	apollo	10	com.ctrip.framework.apollo.biz.entity.JpaMapFieldJsonConverter.convertToDatabaseColumn(java.util.Map)	com.ctrip.framework.apollo.biz.entity.JpaMapFieldJsonConverter.convertToDatabaseColumn(java.util.Map):::EXIT	result != null
INV-0169	hudi	4	org.apache.hudi.table.action.commit.BaseJavaCommitActionExecutor.handleUpsertPartition(java.lang.String, java.lang.Integer, java.util.Iterator, org.apache.hudi.table.action.commit.Partitioner)	org.apache.hudi.table.action.commit.BaseJavaCommitActionExecutor.handleUpsertPartition(java.lang.String, java.lang.Integer, java.util.Iterator, org.apache.hudi.table.action.commit.Partitioner):::ENTER	!this.pendingInflightAndRequestedInstants.getClass().getName().equals(recordItr.getClass().getName())
INV-0170	libgdx	10	com.badlogic.gdx.math.Polygon.setVertices(float[])	com.badlogic.gdx.math.Polygon.setVertices(float[]):::ENTER	this.localVertices.length == 0
INV-0171	hudi	10	org.apache.hudi.table.action.commit.BaseJavaCommitActionExecutor#updateIndex(List<WriteStatus>,HoodieWriteMetadata<List<WriteStatus>>):List<WriteStatus>	METHOD_ENTRY	writeStatuses.size() >= 0
INV-0172	libgdx	4	com.badlogic.gdx.utils.CharArray#substring(int,int):String	METHOD_ENTRY	end >= start
INV-0173	hudi	8	org.apache.hudi.client.common.HoodieJavaEngineContext.getReaderContextFactory(org.apache.hudi.common.table.HoodieTableMetaClient)	org.apache.hudi.client.common.HoodieJavaEngineContext.getReaderContextFactory(org.apache.hudi.common.table.HoodieTableMetaClient):::EXIT	result.getClass() == org.apache.hudi.common.engine.AvroReaderContextFactory.class
INV-0174	dubbo	1	org.apache.dubbo.common.utils.IOUtils.readLines(java.io.File)	org.apache.dubbo.common.utils.IOUtils.readLines(java.io.File):::EXIT	"java.util.Arrays.equals(result, new String[]{""ABCDEFGHIJKLMNOPQRSTUVWXYZabcdefghijklmnopqrstuvwxyz1234567890""}) || java.util.Arrays.equals(result, new String[]{""a"", ""b"", ""c""})"
INV-0175	hudi	4	org.apache.hudi.table.action.commit.BaseJavaCommitActionExecutor#handleUpsertPartition(String,Integer,Iterator,Partitioner):Iterator<List<WriteStatus>>	METHOD_ENTRY	recordItr != null
INV-0176	apollo	3	com.ctrip.framework.apollo.biz.entity.ReleaseHistory#getOperationContext():String	METHOD_EXIT	result == null || result.length() >= 0
INV-0177	libgdx	2	com.badlogic.gdx.utils.JsonValue.getString(java.lang.String, java.lang.String)	com.badlogic.gdx.utils.JsonValue.getString(java.lang.String, java.lang.String):::ENTER	"""class"".equals(name)"
INV-0178	libgdx	5	com.badlogic.gdx.utils.LongArray#incr(int,long):void	METHOD_ENTRY	index >= 0
INV-0179	libgdx	6	com.badlogic.gdx.utils.JsonReader#parse(char[],int,int):JsonValue	METHOD_ENTRY	length >= offset
INV-0180	netty	3	io.netty.util.AsciiStringUtil.toLowerCase(io.netty.util.AsciiString)	io.netty.util.AsciiStringUtil.toLowerCase(io.netty.util.AsciiString):::ENTER	"io.netty.util.AsciiString.CASE_INSENSITIVE_HASHER.getClass().getName().equals(""io.netty.util.AsciiString$1"")"
INV-0181	dubbo	8	org.apache.dubbo.common.utils.ArrayUtils.isEmpty(java.lang.Object[])	org.apache.dubbo.common.utils.ArrayUtils.isEmpty(java.lang.Object[]):::ENTER	array.length == 0
INV-0182	hudi	2	org.apache.hudi.table.HoodieJavaMergeOnReadTable.scheduleCompaction(org.apache.hudi.common.engine.HoodieEngineContext, java.lang.String, org.apache.hudi.common.util.Option)	org.apache.hudi.table.HoodieJavaMergeOnReadTable.scheduleCompaction(org.apache.hudi.common.engine.HoodieEngineContext, java.lang.String, org.apache.hudi.common.util.Option):::ENTER	this.context.getClass().getName().equals(context.getClass().getName())
INV-0183	hudi	1	org.apache.hudi.table.action.commit.JavaUpsertPartitioner#getSmallFilesForPartitions(List<String>,HoodieEngineContext):Map<String, List<SmallFile>>	METHOD_ENTRY	context != null
INV-0184	spring	5	org.springframework.core.convert.support.StreamConverter#convertToStream(Object,TypeDescriptor,TypeDescriptor):Object	METHOD_EXIT	result != null
INV-0185	netty	7	io.netty.util.AsciiStringUtil#isLowerCase(byte):boolean	METHOD_ENTRY	value >= 0
INV-0186	hudi	3	org.apache.hudi.execution.JavaLazyInsertIterable#computeNext():List<WriteStatus>	METHOD_EXIT	result.size() > 0
INV-0187	netty	7	io.netty.util.AsciiStringUtil#isLowerCase(byte):boolean	METHOD_ENTRY	value != 0
INV-0188	libgdx	10	com.badlogic.gdx.math.Polygon.setVertices(float[])	com.badlogic.gdx.math.Polygon.setVertices(float[]):::ENTER	this.x == 0.0f
INV-0189	apollo	3	com.ctrip.framework.apollo.biz.entity.ReleaseHistory.getOperationContext()	com.ctrip.framework.apollo.biz.entity.ReleaseHistory.getOperationContext():::ENTER	this.operation < this.id
INV-0190	apollo	3	com.ctrip.framework.apollo.biz.entity.ReleaseHistory#getOperationContext():String	METHOD_EXIT	"result == null || result.contains("""")"
INV-0191	apollo	9	com.ctrip.framework.apollo.biz.service.ItemService#getItemInfoBySearch(String,String,Pageable):Page<ItemInfoDTO>	METHOD_EXIT	(result.getSize() == limit.getPageSize())
INV-0192	netty	8	io.netty.util.NetUtil.toAddressString(byte[], int, boolean)	io.netty.util.NetUtil.toAddressString(byte[], int, boolean):::ENTER	offset == 0
INV-0193	libgdx	2	com.badlogic.gdx.utils.JsonValue#getString(String,String):String	METHOD_ENTRY	name.trim().length() > 0
INV-0194	libgdx	2	com.badlogic.gdx.utils.JsonValue#getString(String,String):String	METHOD_ENTRY	!name.isEmpty()
INV-0195	dubbo	6	org.apache.dubbo.common.compiler.support.ClassUtils#getSize(Object):int	METHOD_EXIT	result == 0 || result > 0 || result == -1
INV-0196	libgdx	8	com.badlogic.gdx.utils.CharArray.append(char[])	com.badlogic.gdx.utils.CharArray.append(char[]):::ENTER	java.util.Arrays.equals(ch, new char[] {49, 50, 51}) || java.util.Arrays.equals(ch, new char[] {55357, 56832})
INV-0197	dubbo	10	org.apache.dubbo.common.utils.LogHelper.error(org.apache.dubbo.common.logger.Logger, java.lang.String, java.lang.Throwable)	org.apache.dubbo.common.utils.LogHelper.error(org.apache.dubbo.common.logger.Logger, java.lang.String, java.lang.Throwable):::ENTER	"""error"".equals(msg)"
INV-0198	libgdx	6	com.badlogic.gdx.utils.JsonReader.parse(char[], int, int)	com.badlogic.gdx.utils.JsonReader.parse(char[], int, int):::ENTER	com.badlogic.gdx.utils.JsonReader.json_error == offset
INV-0199	hudi	8	org.apache.hudi.client.common.HoodieJavaEngineContext#getReaderContextFactory(HoodieTableMetaClient):ReaderContextFactory<IndexedRecord>	METHOD_ENTRY	metaClient.getTableType() != null
INV-0200	netty	3	io.netty.util.AsciiStringUtil#toLowerCase(AsciiString):AsciiString	METHOD_ENTRY	string.array() != null
INV-0201	dubbo	10	org.apache.dubbo.common.utils.LogHelper#error(Logger,String,Throwable):void	METHOD_EXIT	logger == null || (msg != null || e != null)
INV-0202	libgdx	3	com.badlogic.gdx.utils.CharArray#incr(int,char):void	METHOD_ENTRY	index >= 0
INV-0203	hudi	4	org.apache.hudi.table.action.commit.BaseJavaCommitActionExecutor#handleUpsertPartition(String,Integer,Iterator,Partitioner):Iterator<List<WriteStatus>>	METHOD_ENTRY	partition != null
INV-0204	spring	7	org.springframework.core.convert.support.IdToEntityConverter.getEntityName(java.lang.Class)	org.springframework.core.convert.support.IdToEntityConverter.getEntityName(java.lang.Class):::ENTER	entityClass != null
INV-0205	apollo	1	com.ctrip.framework.apollo.biz.registry.configuration.support.ApolloServiceRegistryClearApplicationRunner.run(org.springframework.boot.ApplicationArguments)	com.ctrip.framework.apollo.biz.registry.configuration.support.ApolloServiceRegistryClearApplicationRunner.run(org.springframework.boot.ApplicationArguments):::ENTER	args.getClass() == org.springframework.boot.DefaultApplicationArguments.class
INV-0206	libgdx	4	com.badlogic.gdx.utils.CharArray.substring(int, int)	com.badlogic.gdx.utils.CharArray.substring(int, int):::ENTER	java.util.Arrays.equals(this.items, new char[] {72, 101, 108, 108, 111, 32, 87, 111, 114, 108, 100, 33, 0, 0, 0, 0, 0, 0, 0, 0, 0, 0, 0, 0, 0, 0, 0, 0}) || java.util.Arrays.equals(this.items, new char[] {105, 72, 55357, 56832, 0, 0, 0, 0, 0, 0, 0, 0, 0, 0, 0, 0})
INV-0207	hudi	10	org.apache.hudi.table.action.commit.BaseJavaCommitActionExecutor.updateIndex(java.util.List, org.apache.hudi.table.action.HoodieWriteMetadata)	org.apache.hudi.table.action.commit.BaseJavaCommitActionExecutor.updateIndex(java.util.List, org.apache.hudi.table.action.HoodieWriteMetadata):::ENTER	!this.taskContextSupplier.getClass().getName().equals(writeStatuses.getClass().getName())
INV-0208	hudi	9	org.apache.hudi.table.action.commit.BaseJavaCommitActionExecutor#getPartitionToReplacedFileIds(HoodieWriteMetadata<List<WriteStatus>>):Map<String, List<String>>	METHOD_EXIT	result.keySet().isEmpty()
INV-0209	netty	9	io.netty.util.internal.ReflectionUtil#resolveTypeParameter(Object,Class<?>,String):Class<?>	METHOD_ENTRY	parametrizedSuperclass.isAssignableFrom(object.getClass())
INV-0210	netty	5	io.netty.util.internal.ReflectionUtil#trySetAccessible(AccessibleObject,boolean):Throwable	METHOD_ENTRY	checkAccessible == false || object != null
INV-0211	apollo	9	com.ctrip.framework.apollo.biz.service.ItemService#getItemInfoBySearch(String,String,Pageable):Page<ItemInfoDTO>	METHOD_EXIT	(key.isEmpty() || !value.isEmpty() || !result.isEmpty())
INV-0212	dubbo	4	org.apache.dubbo.common.utils.CollectionUtils#isEmptyMap(Map):boolean	METHOD_EXIT	result == (map == null || map.isEmpty())
INV-0213	hudi	6	org.apache.hudi.table.HoodieJavaTable#create(HoodieWriteConfig,HoodieEngineContext):HoodieJavaTable<T>	METHOD_ENTRY	config.getConsistencyGuardConfig() != null
INV-0214	dubbo	4	org.apache.dubbo.common.utils.CollectionUtils.isEmptyMap(java.util.Map)	org.apache.dubbo.common.utils.CollectionUtils.isEmptyMap(java.util.Map):::ENTER	map.getClass() == java.util.HashMap.class
INV-0215	libgdx	3	com.badlogic.gdx.utils.CharArray#incr(int,char):void	METHOD_ENTRY	value <= Character.MAX_VALUE
INV-0216	apollo	9	com.ctrip.framework.apollo.biz.service.ItemService#getItemInfoBySearch(String,String,Pageable):Page<ItemInfoDTO>	METHOD_ENTRY	(key.isEmpty() && !value.isEmpty()) || (!key.isEmpty() && value.isEmpty()) || (!key.isEmpty() && !value.isEmpty())
INV-0217	hudi	5	org.apache.hudi.table.upgrade.JavaUpgradeDowngradeHelper.getInstance()	org.apache.hudi.table.upgrade.JavaUpgradeDowngradeHelper.getInstance():::EXIT	org.apache.hudi.table.upgrade.JavaUpgradeDowngradeHelper.SINGLETON_INSTANCE == result
INV-0218	libgdx	8	com.badlogic.gdx.utils.CharArray#append(char[]):CharArray	METHOD_EXIT	(ch == null) || (ch.length == 0) || (result.size >= ch.length)
INV-0219	dubbo	8	org.apache.dubbo.common.utils.ArrayUtils#isEmpty(Object[]):boolean	METHOD_EXIT	result == (array == null || array.length == 0)
INV-0220	netty	4	io.netty.util.Signal.fillInStackTrace()	io.netty.util.Signal.fillInStackTrace():::ENTER	this.constant == null
INV-0221	spring	2	org.springframework.core.convert.support.StringToArrayConverter#matches(TypeDescriptor,TypeDescriptor):boolean	METHOD_EXIT	!result || targetType.getElementTypeDescriptor() != null
INV-0222	hudi	2	org.apache.hudi.table.HoodieJavaMergeOnReadTable.scheduleCompaction(org.apache.hudi.common.engine.HoodieEngineContext, java.lang.String, org.apache.hudi.common.util.Option)	org.apache.hudi.table.HoodieJavaMergeOnReadTable.scheduleCompaction(org.apache.hudi.common.engine.HoodieEngineContext, java.lang.String, org.apache.hudi.common.util.Option):::EXIT	result != null
INV-0223	netty	7	io.netty.util.AsciiStringUtil.isLowerCase(byte)	"io.netty.util.AsciiStringUtil.isLowerCase(byte):::EXIT;condition=""return == true"""	result == true
INV-0224	apollo	2	com.ctrip.framework.apollo.biz.service.InstanceService#findActiveInstanceConfigsByReleaseKey(String,Pageable):Page<InstanceConfig>	METHOD_EXIT	result.getPageable().equals(pageable)
INV-0225	libgdx	10	com.badlogic.gdx.math.Polygon.setVertices(float[])	com.badlogic.gdx.math.Polygon.setVertices(float[]):::EXIT	vertices.length == 8 && vertices[0] == 1.0f && vertices[1] == -2.0f && vertices[2] == 1.0f && vertices[3] == -1.5f && vertices[4] == 1.5f && vertices[5] == -1.5f && vertices[6] == 1.5f && vertices[7] == -2.0f
INV-0226	libgdx	6	com.badlogic.gdx.utils.JsonReader#parse(char[],int,int):JsonValue	METHOD_ENTRY	length <= data.length
INV-0227	libgdx	8	com.badlogic.gdx.utils.CharArray.append(char[])	com.badlogic.gdx.utils.CharArray.append(char[]):::EXIT	this.size == 2 || this.size == 8
INV-0228	hudi	4	org.apache.hudi.table.action.commit.BaseJavaCommitActionExecutor.handleUpsertPartition(java.lang.String, java.lang.Integer, java.util.Iterator, org.apache.hudi.table.action.commit.Partitioner)	org.apache.hudi.table.action.commit.BaseJavaCommitActionExecutor.handleUpsertPartition(java.lang.String, java.lang.Integer, java.util.Iterator, org.apache.hudi.table.action.commit.Partitioner):::EXIT	this.instantFileNameGenerator.getClass() == org.apache.hudi.common.table.timeline.versioning.v2.InstantFileNameGeneratorV2.class
INV-0229	libgdx	4	com.badlogic.gdx.utils.CharArray#substring(int,int):String	METHOD_ENTRY	start >= 0
INV-0230	dubbo	1	org.apache.dubbo.common.utils.IOUtils#readLines(File):String[]	METHOD_ENTRY	!file.isDirectory()
INV-0231	dubbo	7	org.apache.dubbo.common.io.UnsafeByteArrayOutputStream#toString():String	METHOD_EXIT	result != null
INV-0232	hudi	4	org.apache.hudi.table.action.commit.BaseJavaCommitActionExecutor.handleUpsertPartition(java.lang.String, java.lang.Integer, java.util.Iterator, org.apache.hudi.table.action.commit.Partitioner)	org.apache.hudi.table.action.commit.BaseJavaCommitActionExecutor.handleUpsertPartition(java.lang.String, java.lang.Integer, java.util.Iterator, org.apache.hudi.table.action.commit.Partitioner):::ENTER	partitioner != null
INV-0233	hudi	1	org.apache.hudi.table.action.commit.JavaUpsertPartitioner#getSmallFilesForPartitions(List<String>,HoodieEngineContext):Map<String, List<SmallFile>>	METHOD_ENTRY	partitionPaths == null || !partitionPaths.contains(null)
INV-0234	netty	10	io.netty.util.AbstractConstant.hashCode()	io.netty.util.AbstractConstant.hashCode():::ENTER	"""b_beta"".equals(this.name.toString()) || ""c_gamma"".equals(this.name.toString()) || ""e_epsilon"".equals(this.name.toString())"
INV-0235	spring	5	org.springframework.core.convert.support.StreamConverter.convertToStream(java.lang.Object, org.springframework.core.convert.TypeDescriptor, org.springframework.core.convert.TypeDescriptor)	org.springframework.core.convert.support.StreamConverter.convertToStream(java.lang.Object, org.springframework.core.convert.TypeDescriptor, org.springframework.core.convert.TypeDescriptor):::EXIT	"result.getClass().getName().equals(""java.util.stream.ReferencePipeline$Head"")"
INV-0236	hudi	4	org.apache.hudi.table.action.commit.BaseJavaCommitActionExecutor.handleUpsertPartition(java.lang.String, java.lang.Integer, java.util.Iterator, org.apache.hudi.table.action.commit.Partitioner)	org.apache.hudi.table.action.commit.BaseJavaCommitActionExecutor.handleUpsertPartition(java.lang.String, java.lang.Integer, java.util.Iterator, org.apache.hudi.table.action.commit.Partitioner):::EXIT	!this.storageConf.getClass().getName().equals(result.getClass().getName())
INV-0237	libgdx	5	com.badlogic.gdx.utils.LongArray.incr(int, long)	com.badlogic.gdx.utils.LongArray.incr(int, long):::ENTER	value == 45L
INV-0238	dubbo	10	org.apache.dubbo.common.utils.LogHelper.error(org.apache.dubbo.common.logger.Logger, java.lang.String, java.lang.Throwable)	org.apache.dubbo.common.utils.LogHelper.error(org.apache.dubbo.common.logger.Logger, java.lang.String, java.lang.Throwable):::EXIT	"""error"".equals(msg)"
INV-0239	netty	6	io.netty.util.internal.ObjectUtil.checkNonEmpty(java.lang.CharSequence, java.lang.String)	io.netty.util.internal.ObjectUtil.checkNonEmpty(java.lang.CharSequence, java.lang.String):::EXIT	result.getClass() == String.class
INV-0240	hudi	6	org.apache.hudi.table.HoodieJavaTable#create(HoodieWriteConfig,HoodieEngineContext):HoodieJavaTable<T>	METHOD_ENTRY	config != null
INV-0241	spring	8	org.springframework.core.convert.support.AbstractConditionalEnumConverter#matches(TypeDescriptor,TypeDescriptor):boolean	METHOD_EXIT	result == true || (sourceType != null && targetType != null)
INV-0242	libgdx	1	com.badlogic.gdx.utils.CharArray#add(char,char):void	METHOD_EXIT	Character.isValidCodePoint(value2)
INV-0243	spring	6	org.springframework.core.convert.support.ObjectToCollectionConverter.getConvertibleTypes()	org.springframework.core.convert.support.ObjectToCollectionConverter.getConvertibleTypes():::EXIT	"""java.util.Collections$SingletonSet"".equals(result.getClass().getName())"
INV-0244	spring	7	org.springframework.core.convert.support.IdToEntityConverter#getEntityName(Class<?>):String	METHOD_ENTRY	entityClass != null
INV-0245	spring	6	org.springframework.core.convert.support.ObjectToCollectionConverter.getConvertibleTypes()	org.springframework.core.convert.support.ObjectToCollectionConverter.getConvertibleTypes():::EXIT	!this.conversionService.getClass().getName().equals(result.getClass().getName())
INV-0246	apollo	4	com.ctrip.framework.apollo.biz.entity.Item#setLineNum(Integer):void	METHOD_EXIT	lineNum == null || lineNum.intValue() >= 0
INV-0247	netty	8	io.netty.util.NetUtil#toAddressString(byte[],int,boolean):String	METHOD_ENTRY	bytes != null
INV-0248	dubbo	8	org.apache.dubbo.common.utils.ArrayUtils.isEmpty(java.lang.Object[])	org.apache.dubbo.common.utils.ArrayUtils.isEmpty(java.lang.Object[]):::EXIT	result == true
INV-0249	libgdx	2	com.badlogic.gdx.utils.JsonValue.getString(java.lang.String, java.lang.String)	com.badlogic.gdx.utils.JsonValue.getString(java.lang.String, java.lang.String):::EXIT	this.doubleValue == 0.0
INV-0250	hudi	4	org.apache.hudi.table.action.commit.BaseJavaCommitActionExecutor.handleUpsertPartition(java.lang.String, java.lang.Integer, java.util.Iterator, org.apache.hudi.table.action.commit.Partitioner)	org.apache.hudi.table.action.commit.BaseJavaCommitActionExecutor.handleUpsertPartition(java.lang.String, java.lang.Integer, java.util.Iterator, org.apache.hudi.table.action.commit.Partitioner):::ENTER	!this.taskContextSupplier.getClass().getName().equals(partitioner.getClass().getName())
INV-0251	apollo	7	com.ctrip.framework.apollo.biz.registry.configuration.ApolloServiceDiscoveryAutoConfiguration.wrapMemoryCache(com.ctrip.framework.apollo.biz.registry.DatabaseDiscoveryClient)	com.ctrip.framework.apollo.biz.registry.configuration.ApolloServiceDiscoveryAutoConfiguration.wrapMemoryCache(com.ctrip.framework.apollo.biz.registry.DatabaseDiscoveryClient):::EXIT	result.getClass() == com.ctrip.framework.apollo.biz.registry.DatabaseDiscoveryClientMemoryCacheDecoratorImpl.class
INV-0252	spring	7	org.springframework.core.convert.support.IdToEntityConverter#getEntityName(Class<?>):String	METHOD_EXIT	result.indexOf('.') == -1
INV-0253	netty	4	io.netty.util.Signal#fillInStackTrace():Throwable	METHOD_EXIT	result.getStackTrace().length == 0
INV-0254	apollo	5	com.ctrip.framework.apollo.biz.service.ItemService.checkItemKeyLength(java.lang.String)	com.ctrip.framework.apollo.biz.service.ItemService.checkItemKeyLength(java.lang.String):::ENTER	"""jdk.proxy2.$Proxy258"".equals(this.itemRepository.getClass().getName())"
INV-0255	libgdx	4	com.badlogic.gdx.utils.CharArray#substring(int,int):String	METHOD_EXIT	result.length() == end - start
INV-0256	apollo	7	com.ctrip.framework.apollo.biz.registry.configuration.ApolloServiceDiscoveryAutoConfiguration.wrapMemoryCache(com.ctrip.framework.apollo.biz.registry.DatabaseDiscoveryClient)	com.ctrip.framework.apollo.biz.registry.configuration.ApolloServiceDiscoveryAutoConfiguration.wrapMemoryCache(com.ctrip.framework.apollo.biz.registry.DatabaseDiscoveryClient):::ENTER	discoveryClient.getClass() == com.ctrip.framework.apollo.biz.registry.DatabaseDiscoveryClientAlwaysAddSelfInstanceDecoratorImpl.class
INV-0257	hudi	6	org.apache.hudi.table.HoodieJavaTable.create(org.apache.hudi.config.HoodieWriteConfig, org.apache.hudi.common.engine.HoodieEngineContext)	org.apache.hudi.table.HoodieJavaTable.create(org.apache.hudi.config.HoodieWriteConfig, org.apache.hudi.common.engine.HoodieEngineContext):::ENTER	context.getClass() == org.apache.hudi.client.common.HoodieJavaEngineContext.class
INV-0258	hudi	2	org.apache.hudi.table.HoodieJavaMergeOnReadTable#scheduleCompaction(HoodieEngineContext,String,Option<Map<String, String>>):Option<HoodieCompactionPlan>	METHOD_EXIT	result != null
INV-0259	netty	3	io.netty.util.AsciiStringUtil#toLowerCase(AsciiString):AsciiString	METHOD_EXIT	result != null && string != null
INV-0260	libgdx	8	com.badlogic.gdx.utils.CharArray.append(char[])	com.badlogic.gdx.utils.CharArray.append(char[]):::ENTER	this.ordered == true
INV-0261	hudi	10	org.apache.hudi.table.action.commit.BaseJavaCommitActionExecutor.updateIndex(java.util.List, org.apache.hudi.table.action.HoodieWriteMetadata)	org.apache.hudi.table.action.commit.BaseJavaCommitActionExecutor.updateIndex(java.util.List, org.apache.hudi.table.action.HoodieWriteMetadata):::EXIT	!this.instantFileNameGenerator.getClass().getName().equals(result.getClass().getName())
INV-0262	netty	8	io.netty.util.NetUtil#toAddressString(byte[],int,boolean):String	METHOD_EXIT	result != null
INV-0263	hudi	2	org.apache.hudi.table.HoodieJavaMergeOnReadTable.scheduleCompaction(org.apache.hudi.common.engine.HoodieEngineContext, java.lang.String, org.apache.hudi.common.util.Option)	org.apache.hudi.table.HoodieJavaMergeOnReadTable.scheduleCompaction(org.apache.hudi.common.engine.HoodieEngineContext, java.lang.String, org.apache.hudi.common.util.Option):::EXIT	this.storageLayout == null
INV-0264	dubbo	6	org.apache.dubbo.common.compiler.support.ClassUtils.getSize(java.lang.Object)	org.apache.dubbo.common.compiler.support.ClassUtils.getSize(java.lang.Object):::EXIT241	result == 1
INV-0265	netty	3	io.netty.util.AsciiStringUtil.toLowerCase(io.netty.util.AsciiString)	io.netty.util.AsciiStringUtil.toLowerCase(io.netty.util.AsciiString):::EXIT	io.netty.util.AsciiString.EMPTY_STRING.array().length == 0
INV-0266	hudi	6	org.apache.hudi.table.HoodieJavaTable#create(HoodieWriteConfig,HoodieEngineContext):HoodieJavaTable<T>	METHOD_EXIT	result != null
INV-0267	libgdx	10	com.badlogic.gdx.math.Polygon#setVertices(float[]):void	METHOD_ENTRY	vertices.length >= 6
INV-0268	hudi	9	org.apache.hudi.table.action.commit.BaseJavaCommitActionExecutor.getPartitionToReplacedFileIds(org.apache.hudi.table.action.HoodieWriteMetadata)	org.apache.hudi.table.action.commit.BaseJavaCommitActionExecutor.getPartitionToReplacedFileIds(org.apache.hudi.table.action.HoodieWriteMetadata):::EXIT	!this.instantFileNameGenerator.getClass().getName().equals(this.getClass().getName())
INV-0269	hudi	10	org.apache.hudi.table.action.commit.BaseJavaCommitActionExecutor.updateIndex(java.util.List, org.apache.hudi.table.action.HoodieWriteMetadata)	org.apache.hudi.table.action.commit.BaseJavaCommitActionExecutor.updateIndex(java.util.List, org.apache.hudi.table.action.HoodieWriteMetadata):::EXIT	writeStatuses.stream().allMatch(element -> element != null)
INV-0270	netty	3	io.netty.util.AsciiStringUtil#toLowerCase(AsciiString):AsciiString	METHOD_ENTRY	string != null
INV-0271	hudi	4	org.apache.hudi.table.action.commit.BaseJavaCommitActionExecutor#handleUpsertPartition(String,Integer,Iterator,Partitioner):Iterator<List<WriteStatus>>	METHOD_EXIT	result != null
INV-0272	libgdx	4	com.badlogic.gdx.utils.CharArray.substring(int, int)	com.badlogic.gdx.utils.CharArray.substring(int, int):::ENTER	start == 0 || start == 6
INV-0273	libgdx	6	com.badlogic.gdx.utils.JsonReader.parse(char[], int, int)	com.badlogic.gdx.utils.JsonReader.parse(char[], int, int):::ENTER	true
INV-0274	hudi	10	org.apache.hudi.table.action.commit.BaseJavaCommitActionExecutor#updateIndex(List<WriteStatus>,HoodieWriteMetadata<List<WriteStatus>>):List<WriteStatus>	METHOD_EXIT	result != null
INV-0275	spring	10	org.springframework.core.convert.support.EnumToStringConverter#convert(Enum<?>):String	METHOD_EXIT	result.length() > 0
INV-0276	apollo	1	com.ctrip.framework.apollo.biz.registry.configuration.support.ApolloServiceRegistryClearApplicationRunner#run(ApplicationArguments):void	METHOD_EXIT	args != null
INV-0277	apollo	9	com.ctrip.framework.apollo.biz.service.ItemService.getItemInfoBySearch(java.lang.String, java.lang.String, org.springframework.data.domain.Pageable)	com.ctrip.framework.apollo.biz.service.ItemService.getItemInfoBySearch(java.lang.String, java.lang.String, org.springframework.data.domain.Pageable):::ENTER	"this.itemRepository.getClass().getName().equals(""jdk.proxy2.$Proxy258"")"
INV-0278	libgdx	2	com.badlogic.gdx.utils.JsonValue.getString(java.lang.String, java.lang.String)	com.badlogic.gdx.utils.JsonValue.getString(java.lang.String, java.lang.String):::ENTER	this.longValue == 0
INV-0279	apollo	5	com.ctrip.framework.apollo.biz.service.ItemService.checkItemKeyLength(java.lang.String)	com.ctrip.framework.apollo.biz.service.ItemService.checkItemKeyLength(java.lang.String):::EXIT	"""jdk.proxy2.$Proxy258"".equals(this.itemRepository.getClass().getName())"
INV-0280	hudi	10	org.apache.hudi.table.action.commit.BaseJavaCommitActionExecutor#updateIndex(List<WriteStatus>,HoodieWriteMetadata<List<WriteStatus>>):List<WriteStatus>	METHOD_ENTRY	result.getWriteStatuses() == null
INV-0281	netty	8	io.netty.util.NetUtil.toAddressString(byte[], int, boolean)	io.netty.util.NetUtil.toAddressString(byte[], int, boolean):::ENTER	java.util.stream.IntStream.range(0, bytes.length).anyMatch(i -> bytes[i] == offset)
INV-0282	hudi	3	org.apache.hudi.execution.JavaLazyInsertIterable#computeNext():List<WriteStatus>	METHOD_EXIT	!result.isEmpty()
INV-0283	hudi	2	org.apache.hudi.table.HoodieJavaMergeOnReadTable#scheduleCompaction(HoodieEngineContext,String,Option<Map<String, String>>):Option<HoodieCompactionPlan>	METHOD_ENTRY	instantTime != null && !instantTime.isEmpty()
INV-0284	spring	3	org.springframework.core.convert.ConversionService.convert(java.lang.Object, org.springframework.core.convert.TypeDescriptor)	org.springframework.core.convert.ConversionService.convert(java.lang.Object, org.springframework.core.convert.TypeDescriptor):::ENTER	source != null
INV-0285	netty	3	io.netty.util.AsciiStringUtil.toLowerCase(io.netty.util.AsciiString)	io.netty.util.AsciiStringUtil.toLowerCase(io.netty.util.AsciiString):::EXIT	io.netty.util.AsciiString.EMPTY_STRING.arrayOffset() == 0
INV-0286	spring	2	org.springframework.core.convert.support.StringToArrayConverter.matches(org.springframework.core.convert.TypeDescriptor, org.springframework.core.convert.TypeDescriptor)	"org.springframework.core.convert.support.StringToArrayConverter.matches(org.springframework.core.convert.TypeDescriptor, org.springframework.core.convert.TypeDescriptor):::EXIT;condition=""not(return == true)"""	result == false
INV-0287	libgdx	10	com.badlogic.gdx.math.Polygon#setVertices(float[]):void	METHOD_ENTRY	(vertices.length % 2) == 0
INV-0288	dubbo	3	org.apache.dubbo.common.utils.FieldUtils#getFieldValue(Object,String):Object	METHOD_ENTRY	fieldName != null
INV-0289	apollo	3	com.ctrip.framework.apollo.biz.entity.ReleaseHistory#getOperationContext():String	METHOD_EXIT	result == null || !result.isEmpty() || result.isEmpty()
INV-0290	libgdx	10	com.badlogic.gdx.math.Polygon#setVertices(float[]):void	METHOD_EXIT	vertices.length >= 6
INV-0291	apollo	6	com.ctrip.framework.apollo.biz.registry.configuration.support.ApolloServiceDiscoveryProperties#getHealthCheckIntervalInSecond():long	METHOD_EXIT	result >= 0L
INV-0292	libgdx	1	com.badlogic.gdx.utils.CharArray#add(char,char):void	METHOD_ENTRY	Character.isDefined(value2)
INV-0293	dubbo	5	org.apache.dubbo.common.utils.MethodUtils.excludedDeclaredClass(java.lang.Class)	org.apache.dubbo.common.utils.MethodUtils.excludedDeclaredClass(java.lang.Class):::EXIT	"result.getClass().getName().equals(""org.apache.dubbo.common.utils.MethodUtils$$Lambda$1023/0x00001548a54c6bf0"")"
INV-0294	apollo	8	com.ctrip.framework.apollo.biz.service.ItemSetService#updateSet(String,String,String,ItemChangeSets):ItemChangeSets	METHOD_ENTRY	namespaceName != null
INV-0295	dubbo	4	org.apache.dubbo.common.utils.CollectionUtils#isEmptyMap(Map):boolean	METHOD_EXIT	map == null || map.isEmpty() || !result
INV-0296	libgdx	6	com.badlogic.gdx.utils.JsonReader.parse(char[], int, int)	com.badlogic.gdx.utils.JsonReader.parse(char[], int, int):::ENTER	this.root == this.current
INV-0297	netty	5	io.netty.util.internal.ReflectionUtil.trySetAccessible(java.lang.reflect.AccessibleObject, boolean)	io.netty.util.internal.ReflectionUtil.trySetAccessible(java.lang.reflect.AccessibleObject, boolean):::EXIT40	result == null
INV-0298	libgdx	1	com.badlogic.gdx.utils.CharArray#add(char,char):void	METHOD_EXIT	Character.isValidCodePoint(value1)
INV-0299	libgdx	1	com.badlogic.gdx.utils.CharArray#add(char,char):void	METHOD_ENTRY	Character.isDefined(value1)
INV-0300	libgdx	2	com.badlogic.gdx.utils.JsonValue#getString(String,String):String	METHOD_ENTRY	defaultValue == null || defaultValue.length() >= 0
INV-0301	netty	2	io.netty.util.DomainNameMapping.needsNormalization(java.lang.String)	io.netty.util.DomainNameMapping.needsNormalization(java.lang.String):::EXIT	result == false
INV-0302	spring	2	org.springframework.core.convert.support.StringToArrayConverter#matches(TypeDescriptor,TypeDescriptor):boolean	METHOD_ENTRY	targetType.getElementTypeDescriptor() != null
INV-0303	libgdx	3	com.badlogic.gdx.utils.CharArray.incr(int, char)	com.badlogic.gdx.utils.CharArray.incr(int, char):::EXIT	this.ordered == true
INV-0304	libgdx	8	com.badlogic.gdx.utils.CharArray#append(char[]):CharArray	METHOD_EXIT	ch != null || result != null
INV-0305	hudi	9	org.apache.hudi.table.action.commit.BaseJavaCommitActionExecutor.getPartitionToReplacedFileIds(org.apache.hudi.table.action.HoodieWriteMetadata)	org.apache.hudi.table.action.commit.BaseJavaCommitActionExecutor.getPartitionToReplacedFileIds(org.apache.hudi.table.action.HoodieWriteMetadata):::EXIT	!org.apache.hudi.table.action.commit.BaseJavaCommitActionExecutor.log.getClass().getName().equals(this.getClass().getName())
INV-0306	apollo	2	com.ctrip.framework.apollo.biz.service.InstanceService#findActiveInstanceConfigsByReleaseKey(String,Pageable):Page<InstanceConfig>	METHOD_ENTRY	pageable.getPageSize() > 0
INV-0307	hudi	2	org.apache.hudi.table.HoodieJavaMergeOnReadTable.scheduleCompaction(org.apache.hudi.common.engine.HoodieEngineContext, java.lang.String, org.apache.hudi.common.util.Option)	org.apache.hudi.table.HoodieJavaMergeOnReadTable.scheduleCompaction(org.apache.hudi.common.engine.HoodieEngineContext, java.lang.String, org.apache.hudi.common.util.Option):::ENTER	extraMetadata != null
INV-0308	spring	7	org.springframework.core.convert.support.IdToEntityConverter#getEntityName(Class<?>):String	METHOD_EXIT	result != null
INV-0309	hudi	5	org.apache.hudi.table.upgrade.JavaUpgradeDowngradeHelper#getInstance():JavaUpgradeDowngradeHelper	METHOD_EXIT	result != null
INV-0310	libgdx	1	com.badlogic.gdx.utils.CharArray.add(char, char)	com.badlogic.gdx.utils.CharArray.add(char, char):::EXIT	this.size == 3
INV-0311	libgdx	8	com.badlogic.gdx.utils.CharArray#append(char[]):CharArray	METHOD_EXIT	ch == null || result.items != null
INV-0312	apollo	6	com.ctrip.framework.apollo.biz.registry.configuration.support.ApolloServiceDiscoveryProperties.getHealthCheckIntervalInSecond()	com.ctrip.framework.apollo.biz.registry.configuration.support.ApolloServiceDiscoveryProperties.getHealthCheckIntervalInSecond():::EXIT	this.healthCheckIntervalInSecond == result
INV-0313	dubbo	10	org.apache.dubbo.common.utils.LogHelper#error(Logger,String,Throwable):void	METHOD_EXIT	logger == null || msg != null || e != null
INV-0314	hudi	9	org.apache.hudi.table.action.commit.BaseJavaCommitActionExecutor#getPartitionToReplacedFileIds(HoodieWriteMetadata<List<WriteStatus>>):Map<String, List<String>>	METHOD_ENTRY	writeMetadata.getWriteStatuses() != null
INV-0315	dubbo	3	org.apache.dubbo.common.utils.FieldUtils.getFieldValue(java.lang.Object, java.lang.String)	org.apache.dubbo.common.utils.FieldUtils.getFieldValue(java.lang.Object, java.lang.String):::ENTER	"""a"".equals(fieldName) || ""b"".equals(fieldName)"
INV-0316	dubbo	1	org.apache.dubbo.common.utils.IOUtils#readLines(File):String[]	METHOD_ENTRY	file.exists()
INV-0317	libgdx	1	com.badlogic.gdx.utils.CharArray#add(char,char):void	METHOD_ENTRY	value1 != value2
INV-0318	spring	4	org.springframework.core.convert.support.StringToPropertiesConverter.convert(java.lang.String)	org.springframework.core.convert.support.StringToPropertiesConverter.convert(java.lang.String):::ENTER	"""   foo=bar\n    bar=baz\n     baz=boo"".equals(source) || ""a=b\nc=2\nd="".equals(source)"
INV-0319	spring	6	org.springframework.core.convert.support.ObjectToCollectionConverter.getConvertibleTypes()	org.springframework.core.convert.support.ObjectToCollectionConverter.getConvertibleTypes():::EXIT	result != null
INV-0320	apollo	3	com.ctrip.framework.apollo.biz.entity.ReleaseHistory.getOperationContext()	com.ctrip.framework.apollo.biz.entity.ReleaseHistory.getOperationContext():::EXIT	this.branchName.toString().compareTo(result.toString()) < 0
INV-0321	apollo	8	com.ctrip.framework.apollo.biz.service.ItemSetService#updateSet(String,String,String,ItemChangeSets):ItemChangeSets	METHOD_ENTRY	changeSet != null && changeSet.getCreateItems() != null && changeSet.getDeleteItems() != null && changeSet.getUpdateItems() != null
INV-0322	libgdx	2	com.badlogic.gdx.utils.JsonValue#getString(String,String):String	METHOD_EXIT	defaultValue == null || result != null
INV-0323	apollo	9	com.ctrip.framework.apollo.biz.service.ItemService.getItemInfoBySearch(java.lang.String, java.lang.String, org.springframework.data.domain.Pageable)	com.ctrip.framework.apollo.biz.service.ItemService.getItemInfoBySearch(java.lang.String, java.lang.String, org.springframework.data.domain.Pageable):::EXIT	result.getClass() == org.springframework.data.domain.PageImpl.class
INV-0324	spring	4	org.springframework.core.convert.support.StringToPropertiesConverter.convert(java.lang.String)	org.springframework.core.convert.support.StringToPropertiesConverter.convert(java.lang.String):::EXIT	"""   foo=bar\n    bar=baz\n     baz=boo"".equals(source) || ""a=b\nc=2\nd="".equals(source)"
INV-0325	spring	9	org.springframework.core.convert.support.ObjectToCollectionConverter.matches(org.springframework.core.convert.TypeDescriptor, org.springframework.core.convert.TypeDescriptor)	org.springframework.core.convert.support.ObjectToCollectionConverter.matches(org.springframework.core.convert.TypeDescriptor, org.springframework.core.convert.TypeDescriptor):::EXIT	result == true
INV-0326	hudi	9	org.apache.hudi.table.action.commit.BaseJavaCommitActionExecutor#getPartitionToReplacedFileIds(HoodieWriteMetadata<List<WriteStatus>>):Map<String, List<String>>	METHOD_ENTRY	writeMetadata != null
INV-0327	spring	4	org.springframework.core.convert.support.StringToPropertiesConverter#convert(String):Properties	METHOD_EXIT	result != null
INV-0328	hudi	2	org.apache.hudi.table.HoodieJavaMergeOnReadTable#scheduleCompaction(HoodieEngineContext,String,Option<Map<String, String>>):Option<HoodieCompactionPlan>	METHOD_EXIT	result.isPresent() || !result.isPresent()
INV-0329	apollo	4	com.ctrip.framework.apollo.biz.entity.Item.setLineNum(java.lang.Integer)	com.ctrip.framework.apollo.biz.entity.Item.setLineNum(java.lang.Integer):::ENTER	this.key != null
INV-0330	apollo	5	com.ctrip.framework.apollo.biz.service.ItemService#checkItemKeyLength(String):boolean	METHOD_ENTRY	key == null || key.length() >= 0
INV-0331	hudi	1	org.apache.hudi.table.action.commit.JavaUpsertPartitioner#getSmallFilesForPartitions(List<String>,HoodieEngineContext):Map<String, List<SmallFile>>	METHOD_ENTRY	partitionPaths == null || partitionPaths.size() >= 0
INV-0332	libgdx	2	com.badlogic.gdx.utils.JsonValue#getString(String,String):String	METHOD_EXIT	(result == defaultValue) || (result != null && !result.isEmpty())
INV-0333	netty	3	io.netty.util.AsciiStringUtil.toLowerCase(io.netty.util.AsciiString)	io.netty.util.AsciiStringUtil.toLowerCase(io.netty.util.AsciiString):::ENTER	io.netty.util.AsciiString.EMPTY_STRING.array().length == 0
INV-0334	apollo	8	com.ctrip.framework.apollo.biz.service.ItemSetService.updateSet(java.lang.String, java.lang.String, java.lang.String, com.ctrip.framework.apollo.common.dto.ItemChangeSets)	com.ctrip.framework.apollo.biz.service.ItemSetService.updateSet(java.lang.String, java.lang.String, java.lang.String, com.ctrip.framework.apollo.common.dto.ItemChangeSets):::EXIT	changeSet.updateItems.size() == changeSet.deleteItems.size()
INV-0335	libgdx	3	com.badlogic.gdx.utils.CharArray#incr(int,char):void	METHOD_ENTRY	value >= 0
INV-0336	hudi	6	org.apache.hudi.table.HoodieJavaTable.create(org.apache.hudi.config.HoodieWriteConfig, org.apache.hudi.common.engine.HoodieEngineContext)	org.apache.hudi.table.HoodieJavaTable.create(org.apache.hudi.config.HoodieWriteConfig, org.apache.hudi.common.engine.HoodieEngineContext):::ENTER	context != null
INV-0337	hudi	2	org.apache.hudi.table.HoodieJavaMergeOnReadTable.scheduleCompaction(org.apache.hudi.common.engine.HoodieEngineContext, java.lang.String, org.apache.hudi.common.util.Option)	org.apache.hudi.table.HoodieJavaMergeOnReadTable.scheduleCompaction(org.apache.hudi.common.engine.HoodieEngineContext, java.lang.String, org.apache.hudi.common.util.Option):::ENTER	this.metadata == null
INV-0338	netty	10	io.netty.util.AbstractConstant#hashCode():int	METHOD_EXIT	result != 0
INV-0339	hudi	1	org.apache.hudi.table.action.commit.JavaUpsertPartitioner.getSmallFilesForPartitions(java.util.List, org.apache.hudi.common.engine.HoodieEngineContext)	org.apache.hudi.table.action.commit.JavaUpsertPartitioner.getSmallFilesForPartitions(java.util.List, org.apache.hudi.common.engine.HoodieEngineContext):::ENTER	this.smallFiles.isEmpty()
INV-0340	apollo	7	com.ctrip.framework.apollo.biz.registry.configuration.ApolloServiceDiscoveryAutoConfiguration#wrapMemoryCache(DatabaseDiscoveryClient):DatabaseDiscoveryClient	METHOD_EXIT	result != discoveryClient
INV-0341	netty	3	io.netty.util.AsciiStringUtil#toLowerCase(AsciiString):AsciiString	METHOD_EXIT	result.length() == string.length()
INV-0342	apollo	4	com.ctrip.framework.apollo.biz.entity.Item.setLineNum(java.lang.Integer)	com.ctrip.framework.apollo.biz.entity.Item.setLineNum(java.lang.Integer):::ENTER	this.namespaceId == 0 || this.namespaceId == 1
INV-0343	netty	6	io.netty.util.internal.ObjectUtil.checkNonEmpty(java.lang.CharSequence, java.lang.String)	io.netty.util.internal.ObjectUtil.checkNonEmpty(java.lang.CharSequence, java.lang.String):::EXIT	"""NOT_NULL"".equals(name.toString()) || ""NOT_NULL_BUT_EMPTY"".equals(name.toString())"
INV-0344	spring	3	org.springframework.core.convert.ConversionService#convert(Object,TypeDescriptor):Object	METHOD_ENTRY	!((source != null) && (targetType.getObjectType() == null))
INV-0345	apollo	10	com.ctrip.framework.apollo.biz.entity.JpaMapFieldJsonConverter.convertToDatabaseColumn(java.util.Map)	com.ctrip.framework.apollo.biz.entity.JpaMapFieldJsonConverter.convertToDatabaseColumn(java.util.Map):::ENTER	!com.ctrip.framework.apollo.biz.entity.JpaMapFieldJsonConverter.TYPE.getClass().getName().equals(attribute.getClass().getName())
INV-0346	hudi	10	org.apache.hudi.table.action.commit.BaseJavaCommitActionExecutor#updateIndex(List<WriteStatus>,HoodieWriteMetadata<List<WriteStatus>>):List<WriteStatus>	METHOD_ENTRY	result != null
INV-0347	apollo	9	com.ctrip.framework.apollo.biz.service.ItemService#getItemInfoBySearch(String,String,Pageable):Page<ItemInfoDTO>	METHOD_ENTRY	value != null
INV-0348	apollo	2	com.ctrip.framework.apollo.biz.service.InstanceService.findActiveInstanceConfigsByReleaseKey(java.lang.String, org.springframework.data.domain.Pageable)	com.ctrip.framework.apollo.biz.service.InstanceService.findActiveInstanceConfigsByReleaseKey(java.lang.String, org.springframework.data.domain.Pageable):::EXIT	result.getClass() == org.springframework.data.domain.PageImpl.class
INV-0349	libgdx	8	com.badlogic.gdx.utils.CharArray.append(char[])	com.badlogic.gdx.utils.CharArray.append(char[]):::ENTER	java.util.Arrays.equals(this.items, new char[] {0, 0, 0, 0, 0, 0, 0, 0, 0, 0, 0, 0, 0, 0, 0, 0}) || java.util.Arrays.equals(this.items, new char[] {84, 101, 115, 116, 32, 0, 0, 0, 0, 0, 0, 0, 0, 0, 0, 0})
INV-0350	apollo	8	com.ctrip.framework.apollo.biz.service.ItemSetService.updateSet(java.lang.String, java.lang.String, java.lang.String, com.ctrip.framework.apollo.common.dto.ItemChangeSets)	com.ctrip.framework.apollo.biz.service.ItemSetService.updateSet(java.lang.String, java.lang.String, java.lang.String, com.ctrip.framework.apollo.common.dto.ItemChangeSets):::ENTER	this.bizConfig.propertySources == null
INV-0351	apollo	3	com.ctrip.framework.apollo.biz.entity.ReleaseHistory.getOperationContext()	com.ctrip.framework.apollo.biz.entity.ReleaseHistory.getOperationContext():::EXIT	result != null
INV-0352	spring	6	org.springframework.core.convert.support.ObjectToCollectionConverter#getConvertibleTypes():Set<ConvertiblePair>	METHOD_EXIT	result != null
INV-0353	spring	3	org.springframework.core.convert.ConversionService.convert(java.lang.Object, org.springframework.core.convert.TypeDescriptor)	org.springframework.core.convert.ConversionService.convert(java.lang.Object, org.springframework.core.convert.TypeDescriptor):::ENTER	targetType != null
INV-0354	apollo	8	com.ctrip.framework.apollo.biz.service.ItemSetService#updateSet(String,String,String,ItemChangeSets):ItemChangeSets	METHOD_ENTRY	clusterName != null
INV-0355	hudi	9	org.apache.hudi.table.action.commit.BaseJavaCommitActionExecutor#getPartitionToReplacedFileIds(HoodieWriteMetadata<List<WriteStatus>>):Map<String, List<String>>	METHOD_EXIT	!result.containsKey(null)
INV-0356	libgdx	8	com.badlogic.gdx.utils.CharArray.append(char[])	com.badlogic.gdx.utils.CharArray.append(char[]):::EXIT	result == this
INV-0357	libgdx	2	com.badlogic.gdx.utils.JsonValue#getString(String,String):String	METHOD_ENTRY	name != null
INV-0358	hudi	10	org.apache.hudi.table.action.commit.BaseJavaCommitActionExecutor.updateIndex(java.util.List, org.apache.hudi.table.action.HoodieWriteMetadata)	org.apache.hudi.table.action.commit.BaseJavaCommitActionExecutor.updateIndex(java.util.List, org.apache.hudi.table.action.HoodieWriteMetadata):::EXIT	writeStatuses.size() == result.size() && java.util.stream.IntStream.range(0, writeStatuses.size()).allMatch(i -> writeStatuses.get(i) == result.get(i))
