review_id	tool
INV-0001	DAIKON
INV-0002	DAIKON
INV-0003	DAIKON
INV-0004	OCA
INV-0005	DAIKON
INV-0006	DAIKON
INV-0007	OCA
INV-0008	DAIKON
INV-0009	OCA
INV-0010	DAIKON
INV-0011	DAIKON
INV-0012	OCA
INV-0013	OCA
INV-0014	DAIKON
INV-0015	OCA
INV-0016	OCA
INV-0017	OCA
INV-0018	OCA
INV-0019	DAIKON
INV-0020	DAIKON
INV-0021	OCA
INV-0022	OCA
INV-0023	OCA
INV-0024	OCA
INV-0025	OCA
INV-0026	OCA
INV-0027	DAIKON
INV-0028	OCA
INV-0029	OCA
INV-0030	OCA
INV-0031	OCA
INV-0032	DAIKON
INV-0033	OCA
INV-0034	DAIKON
INV-0035	OCA
INV-0036	DAIKON
INV-0037	DAIKON
INV-0038	OCA
INV-0039	OCA
INV-0040	DAIKON
INV-0041	OCA
INV-0042	OCA
INV-0043	OCA
INV-0044	DAIKON
INV-0045	OCA
INV-0046	DAIKON
INV-0047	OCA
INV-0048	DAIKON
INV-0049	OCA
INV-0050	OCA
INV-0051	DAIKON
INV-0052	OCA
INV-0053	OCA
INV-0054	OCA
INV-0055	DAIKON
INV-0056	OCA
INV-0057	DAIKON
INV-0058	DAIKON
INV-0059	DAIKON
INV-0060	DAIKON
INV-0061	OCA
INV-0062	DAIKON
INV-0063	OCA
INV-0064	DAIKON
INV-0065	DAIKON
INV-0066	DAIKON
INV-0067	DAIKON
INV-0068	OCA
INV-0069	OCA
INV-0070	DAIKON
INV-0071	DAIKON
INV-0072	OCA
INV-0073	DAIKON
INV-0074	OCA
INV-0075	OCA
INV-0076	DAIKON
INV-0077	DAIKON
INV-0078	DAIKON
INV-0079	DAIKON
INV-0080	OCA
INV-0081	OCA
INV-0082	OCA
INV-0083	DAIKON
INV-0084	OCA
INV-0085	OCA
INV-0086	DAIKON
INV-0087	DAIKON
INV-0088	DAIKON
INV-0089	DAIKON
INV-0090	DAIKON
INV-0091	DAIKON
INV-0092	DAIKON
INV-0093	OCA
INV-0094	DAIKON
INV-0095	DAIKON
INV-0096	OCA
INV-0097	DAIKON
INV-0098	OCA
INV-0099	DAIKON
INV-0100	OCA
INV-0101	OCA
INV-0102	OCA
INV-0103	OCA
INV-0104	DAIKON
INV-0105	DAIKON
INV-0106	DAIKON
INV-0107	OCA
INV-0108	DAIKON
INV-0109	OCA
INV-0110	DAIKON
INV-0111	OCA
INV-0112	DAIKON
INV-0113	DAIKON
INV-0114	DAIKON
INV-0115	DAIKON
INV-0116	DAIKON
INV-0117	OCA
INV-0118	OCA
INV-0119	OCA
INV-0120	OCA
INV-0121	DAIKON
INV-0122	DAIKON
INV-0123	OCA
INV-0124	OCA
INV-0125	DAIKON
INV-0126	DAIKON
INV-0127	OCA
INV-0128	DAIKON
INV-0129	DAIKON
INV-0130	DAIKON
INV-0131	DAIKON
INV-0132	DAIKON
INV-0133	OCA
INV-0134	DAIKON
INV-0135	DAIKON
INV-0136	DAIKON
INV-0137	DAIKON
INV-0138	OCA
INV-0139	OCA
INV-0140	DAIKON
INV-0141	DAIKON
INV-0142	DAIKON
INV-0143	OCA
INV-0144	OCA
INV-0145	OCA
INV-0146	OCA
INV-0147	OCA
INV-0148	DAIKON
INV-0149	OCA
INV-0150	DAIKON
INV-0151	DAIKON
INV-0152	DAIKON
INV-0153	OCA
INV-0154	DAIKON
INV-0155	OCA
INV-0156	DAIKON
INV-0157	OCA
INV-0158	OCA
INV-0159	DAIKON
INV-0160	DAIKON
INV-0161	OCA
INV-0162	OCA
INV-0163	DAIKON
INV-0164	DAIKON
INV-0165	DAIKON
INV-0166	DAIKON
INV-0167	OCA
INV-0168	DAIKON
INV-0169	DAIKON
INV-0170	DAIKON
INV-0171	OCA
INV-0172	OCA
INV-0173	DAIKON
INV-0174	DAIKON
INV-0175	OCA
INV-0176	OCA
INV-0177	DAIKON
INV-0178	OCA
INV-0179	OCA
INV-0180	DAIKON
INV-0181	DAIKON
INV-0182	DAIKON
INV-0183	OCA
INV-0184	OCA
INV-0185	OCA
INV-0186	OCA
INV-0187	OCA
INV-0188	DAIKON
INV-0189	DAIKON
INV-0190	OCA
INV-0191	OCA
INV-0192	DAIKON
INV-0193	OCA
INV-0194	OCA
INV-0195	OCA
INV-0196	DAIKON
INV-0197	DAIKON
INV-0198	DAIKON
INV-0199	OCA
INV-0200	OCA
INV-0201	OCA
INV-0202	OCA
INV-0203	OCA
INV-0204	DAIKON
INV-0205	DAIKON
INV-0206	DAIKON
INV-0207	DAIKON
INV-0208	OCA
INV-0209	OCA
INV-0210	OCA
INV-0211	OCA
INV-0212	OCA
INV-0213	OCA
INV-0214	DAIKON
INV-0215	OCA
INV-0216	OCA
INV-0217	DAIKON
INV-0218	OCA
INV-0219	OCA
INV-0220	DAIKON
INV-0221	OCA
INV-0222	DAIKON
INV-0223	DAIKON
INV-0224	OCA
INV-0225	DAIKON
INV-0226	OCA
INV-0227	DAIKON
INV-0228	DAIKON
INV-0229	OCA
INV-0230	OCA
INV-0231	OCA
INV-0232	DAIKON
INV-0233	OCA
INV-0234	DAIKON
INV-0235	DAIKON
INV-0236	DAIKON
INV-0237	DAIKON
INV-0238	DAIKON
INV-0239	DAIKON
INV-0240	OCA
INV-0241	OCA
INV-0242	OCA
INV-0243	DAIKON
INV-0244	OCA
INV-0245	DAIKON
INV-0246	OCA
INV-0247	OCA
INV-0248	DAIKON
INV-0249	DAIKON
INV-0250	DAIKON
INV-0251	DAIKON
INV-0252	OCA
INV-0253	OCA
INV-0254	DAIKON
INV-0255	OCA
INV-0256	DAIKON
INV-0257	DAIKON
INV-0258	OCA
INV-0259	OCA
INV-0260	DAIKON
INV-0261	DAIKON
INV-0262	OCA
INV-0263	DAIKON
INV-0264	DAIKON
INV-0265	DAIKON
INV-0266	OCA
INV-0267	OCA
INV-0268	DAIKON
INV-0269	DAIKON
INV-0270	OCA
INV-0271	OCA
INV-0272	DAIKON
INV-0273	DAIKON
INV-0274	OCA
INV-0275	OCA
INV-0276	OCA
INV-0277	DAIKON
INV-0278	DAIKON
INV-0279	DAIKON
INV-0280	OCA
INV-0281	DAIKON
INV-0282	OCA
INV-0283	OCA
INV-0284	DAIKON
INV-0285	DAIKON
INV-0286	DAIKON
INV-0287	OCA
INV-0288	OCA
INV-0289	OCA
INV-0290	OCA
INV-0291	OCA
INV-0292	OCA
INV-0293	DAIKON
INV-0294	OCA
INV-0295	OCA
INV-0296	DAIKON
INV-0297	DAIKON
INV-0298	OCA
INV-0299	OCA
INV-0300	OCA
INV-0301	DAIKON
INV-0302	OCA
INV-0303	DAIKON
INV-0304	OCA
INV-0305	DAIKON
INV-0306	OCA
INV-0307	DAIKON
INV-0308	OCA
INV-0309	OCA
INV-0310	DAIKON
INV-0311	OCA
INV-0312	DAIKON
INV-0313	OCA
INV-0314	OCA
INV-0315	DAIKON
INV-0316	OCA
INV-0317	OCA
INV-0318	DAIKON
INV-0319	DAIKON
INV-0320	DAIKON
INV-0321	OCA
INV-0322	OCA
INV-0323	DAIKON
INV-0324	DAIKON
INV-0325	DAIKON
INV-0326	OCA
INV-0327	OCA
INV-0328	OCA
INV-0329	DAIKON
INV-0330	OCA
INV-0331	OCA
INV-0332	OCA
INV-0333	DAIKON
INV-0334	DAIKON
INV-0335	OCA
INV-0336	DAIKON
INV-0337	DAIKON
INV-0338	OCA
INV-0339	DAIKON
INV-0340	OCA
INV-0341	OCA
INV-0342	DAIKON
INV-0343	DAIKON
INV-0344	OCA
INV-0345	DAIKON
INV-0346	OCA
INV-0347	OCA
INV-0348	DAIKON
INV-0349	DAIKON
INV-0350	DAIKON
INV-0351	DAIKON
INV-0352	OCA
INV-0353	DAIKON
INV-0354	OCA
INV-0355	OCA
INV-0356	DAIKON
INV-0357	OCA
INV-0358	DAIKON
